category,fold,train_end,horizon,model,MAE,RMSE,MAPE,sMAPE,WAPE,MASE
M01AB,1,1000,30,Naive,2.6733333333333333,3.565338693588591,70.78806659772752,44.15117863786839,43.32324978392393,0.9742678182572059
M01AB,2,1030,30,Naive,2.5665555555666666,3.1590399971715506,77.80553830046345,46.37033489649929,44.338445591983536,0.929551483885736
M01AB,3,1060,30,Naive,2.595666666666667,3.1824691671719303,51.49383166809064,59.54735491218533,49.652489957278576,0.9335718579645594
M01AB,4,1090,30,Naive,4.381652777766665,4.807065518023914,239.0991029505913,58.077099869958445,73.11267517470922,1.5754642925084492
M01AB,5,1120,30,Naive,2.6974444445666665,3.2980773300850914,73.85752061344185,46.5773496466012,46.21769549484325,0.9730147520190918
M01AB,6,1150,30,Naive,4.533666666666667,5.4376045583816905,72.93068655127904,121.61934770446268,81.92879946991147,1.638116969947016
M01AB,7,1180,30,Naive,2.441666666666667,3.0159382177580056,111.56631320646306,51.943169807818315,46.03154653428016,0.8803202552371907
M01AB,8,1210,30,Naive,3.6333333333333333,4.120188507014373,200.69239956769195,65.76976180727105,82.37605804111246,1.295336070990999
M01AB,9,1240,30,Naive,2.6013333333333333,2.9605078393185633,135.31446017419654,62.83038129156634,66.99862637362637,0.9278176595543367
M01AB,10,1270,30,Naive,1.9569999999999999,2.501440251801616,46.92372989669729,38.86936315235966,39.137390840610614,0.6969662761878053
M01AB,11,1300,30,Naive,1.9741666666666666,2.569718694072693,44.373798862761724,46.547757116428556,41.72390714713445,0.7002268163598009
M01AB,12,1330,30,Naive,2.713666666666667,3.7444176227196313,46.290568895839215,52.79728930808307,48.07204015352819,0.962041300485813
M01AB,13,1360,30,Naive,2.0483333333333333,2.5901344881427812,104.08354491386889,51.337798513775304,47.21475220898963,0.7240996855977084
M01AB,14,1390,30,Naive,3.6456666666666666,4.20218871541962,178.48196365961263,64.87080651983923,71.48833257075626,1.2860505769254216
M01AB,15,1420,30,Naive,8.701333333333334,9.132119505715345,349.46531009743177,103.86964536436234,187.98790148350858,3.0604966001357563
M01AB,16,1450,30,Naive,3.9170000000000003,4.736135203588119,64.54685984481908,98.6370783476063,70.81048508586923,1.3802368674887375
M01AB,17,1480,30,Naive,2.4756666666666662,3.0606148619735434,82.37411045262253,66.57140476415766,56.768325307651146,0.8701355792542694
M01AB,18,1510,30,Naive,3.1556666666666664,3.9797056005019598,62.04319796008002,100.74543473828699,75.93647228683726,1.1083131464038354
M01AB,19,1540,30,Naive,3.534,4.374621507437339,59.3872516936545,89.22700740701697,66.25421822272216,1.24352741437069
M01AB,20,1570,30,Naive,2.454333333333333,2.86789760393684,66.12714940925521,48.07207460620088,43.13668053195852,0.8663963719122617
M01AB,21,1600,30,Naive,3.3329999999999997,3.7650157148853087,109.54508390856901,63.35506562185258,66.36357602707903,1.1673507063436308
M01AB,22,1630,30,Naive,2.3609999999999998,2.89653413582509,69.77919943657297,57.924363496120115,53.1876548772246,0.8256068859771581
M01AB,23,1660,30,Naive,2.9216666666666673,3.3310764026062207,99.13256106100798,58.18865071333021,61.651543926285434,1.0204616415095644
M01AB,24,1690,30,Naive,2.4316666666666666,2.863938430436893,84.00395176311731,48.60144962471098,49.73072465744085,0.8478311310299803
M01AB,25,1720,30,Naive,2.305333333333334,2.9513623972667267,42.1055728522512,51.41697599751267,47.41532976827096,0.8038133802125172
M01AB,26,1750,30,Naive,3.069,4.111427570402605,46.15952323783855,66.13045534628424,57.31092436974789,1.0693835841455082
M01AB,27,1780,30,Naive,3.841,4.402961503352034,123.12961980502169,68.37636487684235,85.56471374470928,1.3360231521870245
M01AB,28,1810,30,Naive,4.7813333333333325,5.536261674933125,83.6908630409395,131.31838891251107,83.0573248407643,1.6616838871054125
M01AB,29,1840,30,Naive,2.6369999999999996,3.3812497689463874,46.22057189642984,47.27069285839715,43.53161283222362,0.9110917245124264
M01AB,30,1870,30,Naive,2.3710000000000004,3.4438539457996757,66.55239531299938,60.91268153659575,54.551729427103325,0.819001056853891
M01AB,31,1900,30,Naive,3.550000000000001,3.932818327866163,107.08765788702839,58.4888616410257,73.43814646255692,1.230045009124611
M01AB,32,1930,30,Naive,2.7293333333333343,3.843610282013513,48.54587991400399,54.94531156529874,49.24816552387829,0.9478312272456985
M01AB,33,1960,30,Naive,2.3719999999999994,3.067619055011014,86.37449345571386,49.1176982407146,43.69397028122312,0.817215836556317
M01AB,34,1990,30,Naive,2.456666666666666,3.2190267680361613,43.13201043112225,51.127277498556076,46.25910118001505,0.8479925126839738
M01AB,35,2020,30,Naive,2.3713333333333333,2.913324561390302,59.751691457023966,44.1261489959944,38.416675666918664,0.8180407327159944
M01AB,36,2050,30,Naive,3.547666666666666,4.124411473168021,129.04284810528782,62.06186736243853,67.94994573197981,1.2180708636937672
M01AB,1,1000,30,Seasonal Naive,3.552333333333334,4.257026740186943,79.01807268626447,65.44831165231822,57.568063958513385,1.2946099924148435
M01AB,2,1030,30,Seasonal Naive,2.7325555555666656,3.6694374884301126,66.95649380730406,44.99526893215246,47.206173100279834,0.9896731305769032
M01AB,3,1060,30,Seasonal Naive,2.749,3.4371960471679044,71.41526575599819,63.81484831060338,52.58560224446852,0.9887205743718661
M01AB,4,1090,30,Seasonal Naive,3.0873472222999996,4.080014093866816,204.282810809183,59.837451060817926,51.51576951987798,1.110084608253232
M01AB,5,1120,30,Seasonal Naive,2.2605555556,2.8312035214366453,42.278476429265986,43.380024674130546,38.732092714028404,0.8154213918243879
M01AB,6,1150,30,Seasonal Naive,2.544333333333334,3.3446798551331236,58.741967502761725,54.29199955076726,45.97915788205531,0.9193255519157102
M01AB,7,1180,30,Seasonal Naive,4.080333333333333,4.836692740568359,183.0832220643672,85.94964286643338,76.92452711619431,1.4711263132229964
M01AB,8,1210,30,Seasonal Naive,3.3586666666666662,4.179973684127688,186.21354999071076,70.43783099521792,76.14873035066505,1.1974134175509452
M01AB,9,1240,30,Seasonal Naive,2.5750000000000006,3.047762567305181,116.07638681742311,63.05958267219004,66.32039835164836,0.918425348546547
M01AB,10,1270,30,Seasonal Naive,2.7573333333333334,3.4650733517969474,59.621731960024604,71.95342871724083,55.14299046730217,0.9819971106498937
M01AB,11,1300,30,Seasonal Naive,2.7565000000000004,3.417804485338505,70.17038840569319,56.21465138405498,58.258480397336996,0.977716447089468
M01AB,12,1330,30,Seasonal Naive,2.3626666666666662,3.4054211682746867,60.92829045219437,44.79507242023188,41.85414821375847,0.8376057901785334
M01AB,13,1360,30,Seasonal Naive,2.829,3.585003486748653,120.08091475336298,61.02379183053763,65.20937379946216,1.0000706316790482
M01AB,14,1390,30,Seasonal Naive,2.6013333333333333,3.642984124770973,79.62206649556617,54.77335056506978,51.009869926138954,0.9176500596439598
M01AB,15,1420,30,Seasonal Naive,3.5153333333333325,4.8984745924964574,105.25111482269412,65.62538652688495,75.94699697537085,1.2364387505758379
M01AB,16,1450,30,Seasonal Naive,4.099666666666668,4.762272916720894,79.2634686847884,102.93488749454609,74.11268454353723,1.4446032876558579
M01AB,17,1480,30,Seasonal Naive,2.596333333333333,3.236387389255701,174.16601497410426,60.401795003442324,59.53527478407092,0.9125469269976443
M01AB,18,1510,30,Seasonal Naive,2.7916666666666665,3.4411098015998656,77.00541554736898,73.13398319752568,67.17734819924601,0.9804713849299801
M01AB,19,1540,30,Seasonal Naive,2.590333333333333,3.543734847116339,45.58574849374229,56.13018920857606,48.56267966504187,0.9114743951211689
M01AB,20,1570,30,Seasonal Naive,3.075666666666666,3.6794868301616916,86.51069212804646,60.81924577121121,54.05706251098482,1.0857312676401518
M01AB,21,1600,30,Seasonal Naive,2.4096666666666664,3.4504313739975565,47.58426323362947,52.114014490930295,47.9790270126767,0.8439622218379944
M01AB,22,1630,30,Seasonal Naive,3.773,4.706244433374309,131.16627883491233,95.44553145158993,84.99662086055419,1.319362465392553
M01AB,23,1660,30,Seasonal Naive,3.739,4.331966066349089,86.17695938083469,97.03504647498916,78.89850179362735,1.3059347670065924
M01AB,24,1690,30,Seasonal Naive,2.7003333333333335,3.4726517245471076,64.04314579621881,53.897724163413706,55.22530506510327,0.9415051394755135
M01AB,25,1720,30,Seasonal Naive,2.7606666666666664,3.38655774103046,69.39342235124296,52.55339796840044,56.78047442753326,0.9625769830711488
M01AB,26,1750,30,Seasonal Naive,3.1319999999999997,3.957126903870197,66.37907632172269,61.866734305300874,58.48739495798318,1.0913357398317793
M01AB,27,1780,30,Seasonal Naive,3.5319999999999996,4.243002081859808,121.8632955934146,74.93676200741943,78.68122076186232,1.2285430287749466
M01AB,28,1810,30,Seasonal Naive,3.755333333333333,4.535624176082788,97.26450077859376,87.20672611534592,65.2345107122177,1.3051122889103164
M01AB,29,1840,30,Seasonal Naive,2.8583333333333334,3.476711568901472,71.65056769111547,49.318247950959275,47.18538491168217,0.987563081493371
M01AB,30,1870,30,Seasonal Naive,2.2756666666666665,2.793503773638642,94.29789632638268,53.012945861794606,52.35830968632564,0.7860706052497557
M01AB,31,1900,30,Seasonal Naive,3.573,4.986456657788173,91.87247769710605,56.47637518814869,73.91394290442696,1.2380143148175304
M01AB,32,1930,30,Seasonal Naive,2.8783333333333334,4.133250940039006,43.86077856743685,55.47184846584755,51.93672561048961,0.9995753110975334
M01AB,33,1960,30,Seasonal Naive,2.2599999999999993,2.7738721431721878,104.83778750396482,45.94943784256941,41.63084858160382,0.7786289167863729
M01AB,34,1990,30,Seasonal Naive,3.8743333333333334,4.605979808900599,91.98616486007558,74.79974805285835,72.9538036655787,1.3373428731242647
M01AB,35,2020,30,Seasonal Naive,3.5943333333333327,4.43388655696106,72.85410514953831,61.767045559924114,58.229830435252175,1.2399400085572907
M01AB,36,2050,30,Seasonal Naive,3.4050000000000002,4.163943243289146,107.12646838178657,63.26738753155144,65.21739130434783,1.1690870875347021
M01AB,1,1000,30,Moving Average,2.678857142857143,3.5463606524930626,55.18810219367415,45.270364196863845,43.41276700827261,0.9762809117185139
M01AB,2,1030,30,Moving Average,2.5343650793761907,3.113566351804792,74.42038021120813,46.094966054679404,43.78234008549808,0.9178927824619756
M01AB,3,1060,30,Moving Average,2.0655714285714284,2.5692273779733648,57.14583409666558,45.231589610671676,39.51230176442188,0.7429148669564418
M01AB,4,1090,30,Moving Average,1.7468750000333337,2.2233447039239147,102.95024452899494,32.556137294987145,29.148522469951548,0.6281052665772806
M01AB,5,1120,30,Moving Average,2.1759999999666664,2.699572576807535,46.38488792205488,41.60255995630611,37.2833277800442,0.7849207440122987
M01AB,6,1150,30,Moving Average,2.50547619047619,3.166919306069617,63.731132005391245,49.78701626674681,45.27696266145757,0.9052855816669176
M01AB,7,1180,30,Moving Average,2.4259523809523813,3.0160324999602257,109.67106893454644,51.76909130481951,45.73529279744326,0.8746546153692576
M01AB,8,1210,30,Moving Average,1.813142857142857,2.28426254492553,115.79393168903319,43.7865569693022,41.10813612022802,0.6464117462523364
M01AB,9,1240,30,Moving Average,2.216666666666667,2.61803870610552,112.78070919304201,57.15004286042238,57.09134615384615,0.7906185848329497
M01AB,10,1270,30,Moving Average,1.9570952380952382,2.835209202949545,35.07444400541034,38.94342823085134,39.13929547553972,0.6970001942974576
M01AB,11,1300,30,Moving Average,1.954785714285714,2.462885167915901,57.7429948277562,44.29035143632159,41.31429175284188,0.6933524917078454
M01AB,12,1330,30,Moving Average,2.1790000000000003,2.998951188547843,53.30450026211619,40.50165809462366,38.60053144375553,0.772492811850603
M01AB,13,1360,30,Moving Average,2.346428571428571,2.810509322713807,128.17493129684317,55.500240457146155,54.085944788979745,0.8294783681931205
M01AB,14,1390,30,Moving Average,2.4817619047619046,3.167073726074996,83.75654097803164,53.805768702223986,48.66517886323102,0.8754698718324715
M01AB,15,1420,30,Moving Average,2.335809523809524,2.9123841602025378,102.64018209512307,54.3052929938207,50.46398222258801,0.8215680094449624
M01AB,16,1450,30,Moving Average,2.8423333333333334,3.601469815218777,55.99822447941695,62.734960411723726,51.382946670683936,1.0015555926369215
M01AB,17,1480,30,Moving Average,2.3399523809523806,2.740330991974916,153.16750821542973,57.16004821569308,53.65632609384042,0.8224353657307419
M01AB,18,1510,30,Moving Average,1.9768095238095238,2.5115437565004375,71.84248746114002,52.34166026770547,47.56901075983453,0.694282449511271
M01AB,19,1540,30,Moving Average,2.2761904761904757,3.1941922850294238,44.27716823107469,48.70994949649427,42.67323727391218,0.8009352737612712
M01AB,20,1570,30,Moving Average,2.4257619047619055,2.836934474196461,67.44506796380534,47.434019568509214,42.63451704426572,0.8563104631571475
M01AB,21,1600,30,Moving Average,2.428238095238095,3.376663157857569,52.23934659666738,51.96037616007627,48.34880391394627,0.8504666833623471
M01AB,22,1630,30,Moving Average,2.393,2.8699808361729526,74.58664105793977,58.37195226011628,53.90853795899977,0.8367968141225495
M01AB,23,1660,30,Moving Average,2.0556666666666663,2.587668835071443,56.12602860114699,47.023055212586144,43.37764647956671,0.7179905240375906
M01AB,24,1690,30,Moving Average,2.092333333333334,2.4880213021596096,62.900839188376466,43.913132034815035,42.79091962642307,0.7295183015044808
M01AB,25,1720,30,Moving Average,1.9603809523809521,2.3099217232077236,57.937300846838966,42.29570800710715,40.320463849875615,0.6835369172227732
M01AB,26,1750,30,Moving Average,2.127190476190476,2.8521849722004813,45.46587877351938,40.50415503226476,39.72344493352896,0.7412129604394792
M01AB,27,1780,30,Moving Average,1.9110000000000007,2.4760079374110355,62.81605157078835,46.68962720190107,42.57072844731567,0.6647071710047916
M01AB,28,1810,30,Moving Average,3.5563809523809526,4.113726417010932,87.20614262298308,83.46476319805393,61.77847630076928,1.2359692397476363
M01AB,29,1840,30,Moving Average,2.2220476190476193,2.924208910988071,57.35592089754855,38.683704801987155,36.68157627878092,0.7677243827026268
M01AB,30,1870,30,Moving Average,2.1208095238095237,2.816198177840251,116.00961764604862,50.62334785948474,48.795372125382094,0.7325791823643175
M01AB,31,1900,30,Moving Average,1.773619047619047,2.18250866702349,57.5775957044326,36.63863547428915,36.6905057430502,0.6145440162287756
M01AB,32,1930,30,Moving Average,2.80447619047619,3.9468039252653275,46.93543212028929,57.025967723373164,50.604045299101244,0.9739265178555402
M01AB,33,1960,30,Moving Average,2.1053333333333333,2.7347954692267944,103.1023942481578,42.60810491250364,38.78177575832002,0.7253422180564502
M01AB,34,1990,30,Moving Average,1.8881904761904762,2.4207191544022195,51.359872224289404,36.57210294398502,35.55467881352892,0.6517658288998825
M01AB,35,2020,30,Moving Average,2.352285714285714,2.9103996265795797,62.104399260396214,43.517005272025166,38.10809559810531,0.8114698605306375
M01AB,36,2050,30,Moving Average,2.799285714285715,3.197518329796994,90.74852572428604,54.41590547057018,53.6158918652694,0.9611185852839308
M01AB,1,1000,30,ETS,2.6619955795178387,3.5400161609023426,60.75745128244585,44.67048983023182,43.1395134969399,0.9701358948131563
M01AB,2,1030,30,ETS,2.5500798095941395,3.0944676834106177,72.58210250998034,46.55177397532849,44.05381938749487,0.9235843213656535
M01AB,3,1060,30,ETS,2.05970502835527,2.7145294660783,68.71670372524531,43.40350402630874,39.400083434711526,0.7408049249443591
M01AB,4,1090,30,ETS,1.6209782810433293,2.1951409223356912,111.62291875488253,29.91611887399047,27.047797837506018,0.582837922181767
M01AB,5,1120,30,ETS,2.2280257339872582,2.685760649849641,50.207956216482486,42.11858568934802,38.17473058083319,0.8036873239092907
M01AB,6,1150,30,ETS,2.48229228344361,3.0458786829627775,80.67864762791072,47.96696615798427,44.85800162840088,0.896908708303251
M01AB,7,1180,30,ETS,2.4933963489172637,3.0666300180209594,119.36130514548391,51.91742232137169,47.0067809134154,0.8989709120626586
M01AB,8,1210,30,ETS,1.836958973326002,2.3326922280297073,118.23844070337192,43.95462981571135,41.64810247867297,0.6549025373614026
M01AB,9,1240,30,ETS,2.209204230680452,2.5857835417130914,113.32539956017456,56.9329203522165,56.899147424805605,0.7879569575041552
M01AB,10,1270,30,ETS,1.8686144818158215,2.631312930510659,37.44041263677398,36.95136884557417,37.36979831642866,0.665488644364731
M01AB,11,1300,30,ETS,2.003110142665504,2.50401925250306,53.99448236145108,45.96997839730555,42.33562596777985,0.7104929192148716
M01AB,12,1330,30,ETS,2.2157240906476106,3.148440677973022,50.843919013092275,41.20126882265801,39.25109106550239,0.7855121308258344
M01AB,13,1360,30,ETS,2.190851552934119,2.65305869939867,118.72950509433618,53.19963658682764,50.49984370958399,0.7744808400345875
M01AB,14,1390,30,ETS,2.385681107270659,2.9866187145895875,92.8381600332648,51.398622357530336,46.78111851632118,0.8415762725698571
M01AB,15,1420,30,ETS,2.223100013420234,2.806379437647761,90.42873539163277,53.12776512972428,48.02895031154185,0.7819249961118272
M01AB,16,1450,30,ETS,2.606069312441706,3.331123752894618,61.46993098435453,55.520034611234806,47.111828486442406,0.9183030238098208
M01AB,17,1480,30,ETS,2.2874070109040985,2.639994053293318,142.37398118003293,56.85787705146673,52.45143340756934,0.8039669682603938
M01AB,18,1510,30,ETS,2.0133252664621586,2.4248256003607627,97.49676095037714,51.42694882488964,48.44770834512293,0.7071072760558832
M01AB,19,1540,30,ETS,1.9447495616159702,2.804042650981748,42.305548786216676,40.66241320079105,36.459496843194046,0.6843093927433053
M01AB,20,1570,30,ETS,2.544888937335554,2.9704979487019174,68.17044683557073,49.71114816229303,44.72826065971446,0.8983631164853356
M01AB,21,1600,30,ETS,2.5635274644136103,3.1622921126178167,69.64078219954675,54.025986182971366,51.04255919055439,0.8978504639407515
M01AB,22,1630,30,ETS,2.4671709888349223,2.905545508160438,88.78969335891469,58.34018288519408,55.57943205305074,0.8627333152330311
M01AB,23,1660,30,ETS,2.034796749331759,2.521933561280615,58.43152613608326,46.63331308051118,42.937259956357,0.7107012085435523
M01AB,24,1690,30,ETS,2.02827870884076,2.449029086751026,58.04817458298148,42.85738971308693,41.48091980722803,0.7071848519919766
M01AB,25,1720,30,ETS,1.9110436433303646,2.270456196700117,53.47826116298726,41.509029100197296,39.305710475737655,0.6663342035912482
M01AB,26,1750,30,ETS,2.125926723224714,2.81089274088475,46.75834081597791,40.432800129746965,39.699845438370005,0.7407726096164093
M01AB,27,1780,30,ETS,1.6959737461491646,2.241826070181343,52.54445626737826,43.92687646563373,37.78065819000144,0.5899141344328673
M01AB,28,1810,30,ETS,2.8490841759847423,3.4140472612071826,97.40363764309308,63.50513275608113,49.49190809469731,0.9901583801396086
M01AB,29,1840,30,ETS,2.213475266184405,2.8724704805922703,44.76961834461624,39.18529138389578,36.54006382299684,0.7647626080521623
M01AB,30,1870,30,ETS,2.2537796873559244,2.9035638949763016,132.30712161996922,52.458926085223304,51.854736268638504,0.7785103103586393
M01AB,31,1900,30,ETS,1.4477652808887782,1.808553025717861,41.28736457938336,31.666706425975207,29.949633448257718,0.5016384389129948
M01AB,32,1930,30,ETS,2.665534001067262,3.6992404434255235,48.435552954797956,53.51295671521399,48.09696862264999,0.9256752675244451
M01AB,33,1960,30,ETS,2.127046401845602,2.6600798273021997,104.8234389894095,43.23720250025571,39.18174631915022,0.7328229362050415
M01AB,34,1990,30,ETS,1.8722507641604609,2.500223742850588,50.88799278183838,36.0691461531527,35.25453359579075,0.6462637570725589
M01AB,35,2020,30,ETS,2.646567459292952,3.157900249226553,58.757412340364546,49.660241174827306,42.87559335715981,0.9129884665092693
M01AB,36,2050,30,ETS,2.6376049423763677,3.0334913945532795,79.90881789482368,52.43343102432188,50.519152315195704,0.9056064258883769
M01AB,1,1000,30,SARIMA,2.6548662192785355,3.46950810216788,59.39361640948041,44.71395217285837,43.023977192283944,0.9675376755191729
M01AB,2,1030,30,SARIMA,2.470448063605583,3.0548388170460568,69.28331524297481,45.3448489953905,42.678143794090964,0.8947434075239379
M01AB,3,1060,30,SARIMA,1.997008801974058,2.6147347217963355,64.93288008313452,42.78797274394934,38.20076774802125,0.7182552527149737
M01AB,4,1090,30,SARIMA,1.6064595928964989,2.1247168102602307,112.31259954801469,29.66621163010739,26.805537625599595,0.5776175918841536
M01AB,5,1120,30,SARIMA,2.173604801927703,2.667653823676141,49.119532740969454,41.283827893899854,37.24228873887409,0.7840567547536458
M01AB,6,1150,30,SARIMA,2.4119132008993693,3.014018192878933,77.4099863952358,46.93280158587528,43.58616711462025,0.8714791436877766
M01AB,7,1180,30,SARIMA,2.5122109738029934,3.058945522816143,120.29318037691323,52.60038429817251,47.36148382711608,0.9057543504442003
M01AB,8,1210,30,SARIMA,1.8485330927098182,2.353144302765258,120.9230428120932,44.11824515544174,41.91051449614159,0.6590288789195163
M01AB,9,1240,30,SARIMA,2.3066849654602075,2.6946776170860236,117.92221221029486,58.582547946591504,59.40981195381716,0.8227254149086874
M01AB,10,1270,30,SARIMA,1.9028025045940251,2.548607825645678,41.52470108115395,37.81237425628864,38.0535131910011,0.6776643719712453
M01AB,11,1300,30,SARIMA,1.8759398148046906,2.4053298869028197,51.44308846015547,43.30948943439257,39.64788787498024,0.6653862545563274
M01AB,12,1330,30,SARIMA,2.2193432535029065,3.069306634785097,50.883219103187514,41.39240528216136,39.31520378215954,0.7867951860303469
M01AB,13,1360,30,SARIMA,2.1572160644961627,2.6599307189237997,114.93439750981105,52.78617948283091,49.72453471754505,0.7625904674050434
M01AB,14,1390,30,SARIMA,2.426535703331851,3.0488057029265865,93.64335859429646,52.13274724128563,47.582241388296964,0.855988198189648
M01AB,15,1420,30,SARIMA,2.2149311091508865,2.805166188268058,90.62703708106703,53.132832837223745,47.85246527043539,0.7790517693561761
M01AB,16,1450,30,SARIMA,2.5072210617985564,3.246758669643919,57.52429676064958,53.84829139506392,45.32487607951594,0.883471775450249
M01AB,17,1480,30,SARIMA,2.262791047327413,2.6350153950893853,142.98575834983384,56.34881982271804,51.88697654958526,0.7953150661226392
M01AB,18,1510,30,SARIMA,2.0863938096145,2.4921394705320297,99.23526953173226,52.85802719329781,50.20599525822973,0.7327699443661132
M01AB,19,1540,30,SARIMA,1.958444175432885,2.9357681490427363,42.8417297548969,40.77323564222632,36.71623875952166,0.6891281894921883
M01AB,20,1570,30,SARIMA,2.5097515045898287,2.909031789510775,65.42872141545834,49.25643474916553,44.11069490754869,0.8859593635656531
M01AB,21,1600,30,SARIMA,2.5715157554070833,3.1830128276538923,69.64424679646632,53.949891686734496,51.20161456309318,0.9006482848629566
M01AB,22,1630,30,SARIMA,2.5591449282537937,2.932556703498146,91.97510609193917,60.4788467969975,57.65138383090323,0.8948952456500858
M01AB,23,1660,30,SARIMA,2.103943455203624,2.5900099819143816,59.89124076618133,47.7275548140269,44.396359046288744,0.7348523417936318
M01AB,24,1690,30,SARIMA,1.990790895865239,2.442366447485955,56.78121731645772,42.12488508985394,40.71424560362476,0.6941142550591967
M01AB,25,1720,30,SARIMA,1.9469372847666915,2.295381366176154,54.1439173665188,42.24425817708296,40.04395896270448,0.678849438951747
M01AB,26,1750,30,SARIMA,2.127309767952219,2.8403240898073006,46.581593567027305,40.47447678873571,39.72567260414974,0.7412545272859216
M01AB,27,1780,30,SARIMA,1.7360927568737974,2.2422409530722835,53.54001069786959,44.832821692706744,38.6743764061884,0.6038688147689644
M01AB,28,1810,30,SARIMA,2.9623770315069584,3.4873722422965794,98.26857850417424,65.72791958791207,51.45993685304501,1.0295316886753227
M01AB,29,1840,30,SARIMA,2.360525952633935,3.024356811725187,48.795754820535095,41.68359016787952,38.9675774935443,0.8155690788553622
M01AB,30,1870,30,SARIMA,2.3275257967913716,2.9770063925537062,136.9665334944814,53.54655677633598,53.55147933410627,0.8039840098805684
M01AB,31,1900,30,SARIMA,1.5030195403483975,1.8390972881668373,44.25904578873496,32.56403257891342,31.092667363433957,0.5207835730203697
M01AB,32,1930,30,SARIMA,2.7109883467378215,3.7884078955696525,50.74933723642033,54.08796990767062,48.917148082602345,0.9414604586238259
M01AB,33,1960,30,SARIMA,2.0964082540640008,2.7108792854073536,104.49781431442769,42.39571042330385,38.617369287682685,0.7222672955769313
M01AB,34,1990,30,SARIMA,1.884160983486012,2.4438371540316024,49.052841641862365,36.5939904407312,35.478803354619856,0.6503749280952826
M01AB,35,2020,30,SARIMA,2.513493483748871,3.0338994070627923,55.5694042740402,47.27386586089569,40.7197345893002,0.8670818320731533
M01AB,36,2050,30,SARIMA,2.6581841223831755,3.089144770339964,80.16898012926058,52.67375831770376,50.913313970181484,0.9126721685074698
M01AE,1,1000,30,Naive,1.2523333333333333,1.5380100346443344,40.38694926552498,30.633355178651843,29.26058038287201,0.557105158012953
M01AE,2,1030,30,Naive,2.3168,3.05452186111018,64.60580860882882,67.84645548315241,56.23573959900966,1.0391682090572376
M01AE,3,1060,30,Naive,1.948766666666667,2.3420431464855636,76.05803370050661,51.08231440801539,50.10412827918378,0.8720943015512597
M01AE,4,1090,30,Naive,1.2638694444666667,1.7117187065688486,45.705422037773886,27.969272123875506,25.52450867414687,0.5676043020367877
M01AE,5,1120,30,Naive,1.8595027777,2.471243134828327,91.18434324240245,43.525523617195724,39.42364602360615,0.8385131842587412
M01AE,6,1150,30,Naive,1.4957666666666667,1.8195768830509287,68.71645186909561,39.43801459573662,37.62651036819024,0.6739481259031025
M01AE,7,1180,30,Naive,2.626066666666667,3.012964121923791,212.27099298547034,72.78370308245562,88.5907700611731,1.1883279363339445
M01AE,8,1210,30,Naive,1.595533333333333,2.0140269610906403,60.91136586913348,45.15901541202021,40.02307769490617,0.721197790202652
M01AE,9,1240,30,Naive,2.345266666666667,2.5929561250948057,107.86411040147156,58.39737665213834,65.47366461939326,1.0629898884816802
M01AE,10,1270,30,Naive,1.6875666666666667,2.2656284117215693,65.29025101644149,48.86806748460389,44.74919344146374,0.7673036598709124
M01AE,11,1300,30,Naive,2.2593666666666667,2.7389693864663767,62.61838450515669,93.66793068042331,70.56037309626177,1.023224568937002
M01AE,12,1330,30,Naive,2.0124666666666666,2.6446390932097583,49.44527008022529,55.628524627117294,48.80836890441081,0.9115619075684087
M01AE,13,1360,30,Naive,1.6869666666666667,2.149228101745679,48.87369428486679,57.06539616799735,49.67559555943816,0.7630246386401648
M01AE,14,1390,30,Naive,2.3556000000000004,2.60107158686569,128.8053647993275,62.614080181560425,66.74726561762093,1.0700946597710648
M01AE,15,1420,30,Naive,3.0779333333333336,3.5172093862416927,80.04051696835768,133.10905408546333,83.42940783172808,1.3975914812687147
M01AE,16,1450,30,Naive,1.8774666666666666,2.569674700553879,51.867370157648075,59.30832793427195,51.9009970328597,0.8528038300009687
M01AE,17,1480,30,Naive,2.7554333333333334,3.3038399830096696,52.42930972996981,68.73310135679414,56.273528710984046,1.238772439443358
M01AE,18,1510,30,Naive,1.5175000000000003,1.8396212925490942,60.15885944008763,44.72858709598107,43.40964785979232,0.6814228535561762
M01AE,19,1540,30,Naive,1.8125,2.3612342888130913,49.50468761509118,61.95268497118316,51.49781696610377,0.8138530678726407
M01AE,20,1570,30,Naive,2.2900333333333336,2.6701277185433163,570.7386251199235,65.39990629343713,61.651186790505676,1.031681024805483
M01AE,21,1600,30,Naive,4.6107,4.92766078716193,584.783150487946,87.18038620739992,134.79082820920104,2.063820371065659
M01AE,22,1630,30,Naive,1.4569999999999999,2.0692249595762497,29.78224001111182,33.48130494913122,34.094631909018574,0.6550330384869011
M01AE,23,1660,30,Naive,1.3077333333333334,1.7183197218988862,50.71246232506312,35.20020562215059,33.71199752522041,0.5874192272189916
M01AE,24,1690,30,Naive,2.4004333333333334,2.718384023643458,120.84898123134589,64.19016009014705,74.88794833664377,1.0825196071393757
M01AE,25,1720,30,Naive,2.5111333333333334,3.0820144061960515,159.59116018213962,67.42017714466937,54.80988897457911,1.1379780259781578
M01AE,26,1750,30,Naive,2.733133333333334,3.105056714457886,175.61303823018392,65.04921681148322,76.7978569956728,1.2360936462261938
M01AE,27,1780,30,Naive,1.7272666666666665,2.2437380566070244,34.02033647188606,53.08976740206087,45.25431425976384,0.7805879528219379
M01AE,28,1810,30,Naive,2.1298333333333335,2.648911078160231,70.35423900229172,60.0797956188295,51.494588212538595,0.9643833869959391
M01AE,29,1840,30,Naive,3.0990666666666664,4.000128297942454,40.07641152577173,48.31942470345591,43.5588455772114,1.3987000845672806
M01AE,30,1870,30,Naive,3.374200000000001,3.6706562356069248,183.14064088487603,76.10511381876191,107.36286114292987,1.514373724203527
M01AE,31,1900,30,Naive,3.4300666666666673,4.032648939179639,72.89526285909766,120.47387553287837,80.3871633022936,1.5460456778720746
M01AE,32,1930,30,Naive,3.028533333333333,3.5050358628693092,495.1477628353265,78.97180435735476,101.08814170319762,1.3603937186863766
M01AE,33,1960,30,Naive,1.8153333333333337,2.207941107306382,67.19315323518137,84.69482460115746,65.87000169331625,0.8153311997596377
M01AE,34,1990,30,Naive,1.2970666666666666,1.5531855222949595,35.672232553727156,34.74200266314138,32.7707596429173,0.5847446100551196
M01AE,35,2020,30,Naive,2.7078333333333333,3.1347685241497496,318.0048372005642,78.71072661732313,93.3746364900746,1.2258366198967934
M01AE,36,2050,30,Naive,1.7664666666666666,2.4427470738221477,59.658279668212074,59.17449360974444,53.495790515031,0.797466511056692
M01AE,1,1000,30,Seasonal Naive,1.9752666666666667,2.3225097775179906,49.35291871963782,51.783642137990405,46.15180921821212,0.8787047498943724
M01AE,2,1030,30,Seasonal Naive,1.707566666666667,2.2290022207256768,83.20588237309242,45.61454706063605,41.44780490962344,0.7659051255377406
M01AE,3,1060,30,Seasonal Naive,1.6735666666666666,2.0167568602420403,61.50190612295031,46.916642678845975,43.02854743193096,0.7489393051670986
M01AE,4,1090,30,Seasonal Naive,2.106691666666667,2.527463422612785,67.82159330979252,45.169065055668426,42.54574707459387,0.9461161184806123
M01AE,5,1120,30,Seasonal Naive,2.1734333332999993,2.7377832050602318,104.30317053890816,51.70542404534078,46.07934304562217,0.9800751722100922
M01AE,6,1150,30,Seasonal Naive,1.6130333333333335,1.932672251917881,61.3744429074164,42.52595271279744,40.57639255737514,0.7267850101525869
M01AE,7,1180,30,Seasonal Naive,2.0825666666666667,2.6869964086317646,165.63608329119063,61.30678882367003,70.25571248650594,0.9423874042082689
M01AE,8,1210,30,Seasonal Naive,1.9736000000000002,2.3174137740161984,81.74108471100516,54.80957154472761,49.506672463962005,0.8920878862306989
M01AE,9,1240,30,Seasonal Naive,1.8234333333333335,2.1629660422669605,64.61374155602417,53.99909589868647,50.90545319188535,0.8264694259304322
M01AE,10,1270,30,Seasonal Naive,2.0425666666666666,2.603070641889433,57.84225037672675,65.26856357484424,54.16272594687763,0.9287152382307841
M01AE,11,1300,30,Seasonal Naive,1.9982333333333329,2.4219187503575204,99.28242647619953,65.32200645176974,62.40513840164061,0.904962205250239
M01AE,12,1330,30,Seasonal Naive,2.2134666666666667,2.7427740094048336,56.48440055449899,63.79796902677383,53.68322338636658,1.0026063688039986
M01AE,13,1360,30,Seasonal Naive,1.8051666666666668,2.2222774879238942,75.66215736644291,54.60490264019503,53.15619509418035,0.8164871723519161
M01AE,14,1390,30,Seasonal Naive,2.117,2.518574504225224,78.32330061831682,68.1902686982424,59.98639892702645,0.9617041920255323
M01AE,15,1420,30,Seasonal Naive,2.0383333333333336,2.6711959618617778,123.31799435858149,59.1191218218161,55.250365926381036,0.9255422369943241
M01AE,16,1450,30,Seasonal Naive,2.854466666666667,3.404072570710951,108.9599490212739,100.5102559459194,78.90934557048342,1.2965876567414063
M01AE,17,1480,30,Seasonal Naive,2.4394666666666667,2.8593888158136176,54.33603026335141,60.22466656474863,49.820620170870356,1.0967218974416935
M01AE,18,1510,30,Seasonal Naive,3.074733333333333,3.4704392709473155,133.09566783170638,69.74099180983508,87.95590857513372,1.3806876849583478
M01AE,19,1540,30,Seasonal Naive,1.8597,2.5436809744934603,52.703528769311845,63.01084555167393,52.83889115137279,0.8350469243159998
M01AE,20,1570,30,Seasonal Naive,2.7148666666666674,3.4120592413770696,732.3072956835595,85.60630343723896,73.08834746713332,1.2230723387768356
M01AE,21,1600,30,Seasonal Naive,2.2208666666666668,2.674776651111889,139.7169005095848,70.1210932457476,64.92559857336362,0.9940941436413893
M01AE,22,1630,30,Seasonal Naive,2.3069333333333333,2.648263682742588,57.803561238241095,76.61430746677117,53.98355719879565,1.0371431372134856
M01AE,23,1660,30,Seasonal Naive,1.9016,2.7612888053709024,76.40143231747456,42.13634857232583,49.02125904411639,0.8541775100527385
M01AE,24,1690,30,Seasonal Naive,2.225633333333333,2.885783712154002,100.19404590012144,56.83841963982588,69.43459406620147,1.003690328816866
M01AE,25,1720,30,Seasonal Naive,2.5803333333333334,3.27910752085584,162.74459585225833,68.96144660636384,56.320300336132014,1.1693376030871745
M01AE,26,1750,30,Seasonal Naive,2.1229,2.5067596015573574,103.69633354268173,72.703827075426,59.6510124946144,0.9601080084787617
M01AE,27,1780,30,Seasonal Naive,1.6050999999999997,2.1517409308123816,36.12476285946843,46.65177323473727,42.05355271431564,0.7253782795984942
M01AE,28,1810,30,Seasonal Naive,2.2779666666666665,2.786242732905133,51.30176181649251,68.47879162710733,55.076119631531014,1.0314578023932306
M01AE,29,1840,30,Seasonal Naive,3.092399999999999,3.885321196503578,48.80905455554965,53.527029580806285,43.465142428785605,1.3956912215019115
M01AE,30,1870,30,Seasonal Naive,3.1180000000000003,3.652826339516658,168.09823343151217,70.52645429456284,99.21089474354078,1.3993886764467418
M01AE,31,1900,30,Seasonal Naive,2.419633333333333,3.1003524477065505,75.08817090273328,69.117572145895,56.70661208674457,1.0906096063347261
M01AE,32,1930,30,Seasonal Naive,2.1600000000000006,2.637335991741161,407.5213040860744,69.64543340473068,72.09773248180868,0.9702552717583566
M01AE,33,1960,30,Seasonal Naive,1.782733333333333,2.1212907548628657,141.3030504031085,68.7442585156912,64.68709934928275,0.8006893724852173
M01AE,34,1990,30,Seasonal Naive,1.8802333333333336,2.4460160738092735,46.27770922607252,57.35280607323665,47.504631969007924,0.8476482632447352
M01AE,35,2020,30,Seasonal Naive,2.347766666666667,2.7318035861557353,286.56796146946976,75.53079200653168,80.95840182071058,1.0628343774135638
M01AE,36,2050,30,Seasonal Naive,2.2319,2.883322845838345,79.21363242855118,74.0147168028963,67.59100361389837,1.0075851073861744
M01AE,1,1000,30,Moving Average,1.274142857142857,1.5316926780082045,34.53217535769924,31.54424961459786,29.770156633503415,0.5668072060896834
M01AE,2,1030,30,Moving Average,1.5397333333333336,2.314254437178419,68.97149127671604,39.588541129694136,37.3739825557875,0.6906258332293383
M01AE,3,1060,30,Moving Average,1.7728619047619047,2.132980699224751,64.28457587176163,48.48063641401109,45.58149614156059,0.7933750053436373
M01AE,4,1090,30,Moving Average,1.23742658732381,1.687514772666821,47.475872695122064,27.3015942033913,24.990481255834776,0.5557288037104845
M01AE,5,1120,30,Moving Average,1.8209829364904764,2.4402070410378807,84.21661626059678,43.28659468712818,38.606980083150766,0.8211432748952878
M01AE,6,1150,30,Moving Average,1.391995238095238,1.6825842589408042,57.17269309583527,37.80037210750842,35.016105403246,0.6271917959443286
M01AE,7,1180,30,Moving Average,1.8380761904761906,2.2316264222390303,153.8833649098711,60.453448374857224,62.00778800185063,0.8317524128302644
M01AE,8,1210,30,Moving Average,1.3621142857142858,1.8003548996311396,64.6481732058991,37.78464089699639,34.167889035944825,0.6156899341039194
M01AE,9,1240,30,Moving Average,1.4060666666666664,1.8984169552694217,52.53330654262942,40.74939107943729,39.25367578633909,0.6372983807944259
M01AE,10,1270,30,Moving Average,1.815957142857143,2.441118886848384,55.688637786849235,53.94346203462529,48.15372279640632,0.8256803060914204
M01AE,11,1300,30,Moving Average,1.3314809523809523,1.6354982046920812,75.22502352361934,44.81813756088629,41.58235763882176,0.6030026217735777
M01AE,12,1330,30,Moving Average,1.7446476190476188,2.392475084779884,46.39139945070724,45.90280732543853,42.31295156789918,0.7902512563290803
M01AE,13,1360,30,Moving Average,1.5767857142857145,1.8405831209619596,70.75775564116707,50.573608898937586,46.431130486725856,0.7131891658731636
M01AE,14,1390,30,Moving Average,1.6828,2.1625740372682425,71.5064778933561,49.99245080159786,47.68309499971664,0.7644571631273338
M01AE,15,1420,30,Moving Average,1.668180952380952,1.9604655038629817,92.93375509853409,48.08001636028842,45.217142134325314,0.7574678317471734
M01AE,16,1450,30,Moving Average,1.8568666666666667,2.4295976221263835,59.21529425427977,57.71141506706222,51.3315272479313,0.8434466684545481
M01AE,17,1480,30,Moving Average,2.2295190476190476,2.782096607109918,45.898124835276406,51.415974510540806,45.532912235659104,1.0023348110053396
M01AE,18,1510,30,Moving Average,2.738433333333333,3.1252336605977686,141.2519797648936,65.21265063195611,78.33570127678239,1.2296745016628343
M01AE,19,1540,30,Moving Average,1.5784333333333336,2.152183209363614,45.44712453521729,51.60284043600053,44.84737704452253,0.7087518955949087
M01AE,20,1570,30,Moving Average,2.033938095238095,2.558180953028025,439.74435963577685,62.00512395779207,54.75671275375138,0.9163077706959797
M01AE,21,1600,30,Moving Average,1.3988238095238095,1.7949750436936422,219.35515680633398,43.58459256252527,40.89370807132626,0.6261350930719646
M01AE,22,1630,30,Moving Average,1.4668571428571429,2.0919195936733703,29.63789130265016,33.7335375469943,34.325294680047335,0.6594645788002256
M01AE,23,1660,30,Moving Average,1.4262666666666663,1.7918722698039937,58.71822345674946,37.63775678853622,36.767662880024744,0.6406630784626378
M01AE,24,1690,30,Moving Average,2.0789095238095245,2.358644713897063,104.0171896975424,59.22778496161365,64.85715177076543,0.9375225255131406
M01AE,25,1720,30,Moving Average,2.079514285714286,2.646235540547066,185.4117490608719,52.43378622965405,45.38904629558414,0.9423798929502704
M01AE,26,1750,30,Moving Average,1.6875142857142857,1.9898524288085722,103.46537122004551,49.12491497135256,47.417182034944254,0.7631993876944759
M01AE,27,1780,30,Moving Average,1.527771428571429,1.927445235552601,35.60035598453765,45.23947316027183,40.02754738449561,0.6904318799307689
M01AE,28,1810,30,Moving Average,2.2596904761904764,2.82738874276621,58.07113939804944,67.29298116178974,54.634242378538445,1.023182387506552
M01AE,29,1840,30,Moving Average,2.437780952380952,3.2524208720969217,36.03567066834258,35.7758206326477,34.26416256157635,1.1002423603617466
M01AE,30,1870,30,Moving Average,2.887342857142858,3.2288140755847006,161.98841694012367,69.73064407349251,91.87167039400718,1.2958675110022762
M01AE,31,1900,30,Moving Average,1.8628095238095237,2.3794124667814174,52.05154126992056,47.8343020454801,43.656869659931964,0.8396305065940364
M01AE,32,1930,30,Moving Average,1.789580952380952,2.203841895572428,332.5134235655031,62.420450437209205,59.73367072189919,0.8038659042990549
M01AE,33,1960,30,Moving Average,1.1179904761904764,1.428331954690196,99.67265800369798,45.28679687251335,40.566673462969945,0.5021295535836741
M01AE,34,1990,30,Moving Average,1.5304571428571425,1.881634282422893,36.305943660519056,42.05337581585103,38.66743665631992,0.6899618872374118
M01AE,35,2020,30,Moving Average,2.101109523809524,2.5201273203718006,255.326320985165,70.27491740667962,72.45288533694146,0.9511726460391313
M01AE,36,2050,30,Moving Average,1.5589142857142855,2.048296408450385,76.82646604343553,50.418570653824936,47.210260817900476,0.7037675603643845
M01AE,1,1000,30,ETS,1.1932736784862648,1.4215845833125,34.944063502951316,29.69631322243604,27.8806604110562,0.5308322500977815
M01AE,2,1030,30,ETS,1.4424545772923796,1.9949531428016831,75.8663651192988,36.9076689638615,35.012733076663416,0.6469928089309983
M01AE,3,1060,30,ETS,1.5728385421047217,1.838999284867353,55.79544987463012,45.16567473332019,40.438758227969494,0.7038623726954066
M01AE,4,1090,30,ETS,1.6782556668276833,2.0720513562591165,48.58259205719911,37.927335422126745,33.893256548706056,0.7537053297549946
M01AE,5,1120,30,ETS,1.7815448094932662,2.1955790582206065,75.63431775497477,44.205564360930985,37.77084540391402,0.8033592791700787
M01AE,6,1150,30,ETS,1.4343095624585185,1.6728797916709777,59.28822317171696,38.39129078378437,36.08053637356976,0.6462573763179311
M01AE,7,1180,30,ETS,1.7685985690578898,2.236813661650561,144.60435657258617,57.71491311381533,59.663949567893916,0.800312922154196
M01AE,8,1210,30,ETS,1.6095568700711655,1.9413988089137117,66.50743212886796,44.382054660191095,40.374850414842435,0.7275365757954426
M01AE,9,1240,30,ETS,1.408406859261842,1.7778074037800458,58.60404837500857,40.711098753778835,39.31900779625466,0.638359070864825
M01AE,10,1270,30,ETS,1.678660325117663,2.089280565306602,63.527665123718236,49.718462511229625,44.5130240451937,0.7632541200206681
M01AE,11,1300,30,ETS,1.5371857086470682,1.8488382930269995,87.03042910550437,49.1751916958403,48.00654923372862,0.6961624278661497
M01AE,12,1330,30,ETS,1.475875315505913,2.053224482110051,47.90230781104851,37.80491040912859,35.79441490846704,0.6685088206524483
M01AE,13,1360,30,ETS,1.4522312739369667,1.644168143872911,64.79911165287717,48.15682458878117,42.763413675152876,0.6568524825728823
M01AE,14,1390,30,ETS,1.6712106871776191,1.9952281414526725,73.69078206966371,50.02237990279489,47.35470523011179,0.759192406054127
M01AE,15,1420,30,ETS,1.5051496754435794,1.8346885119163714,83.47571291723564,45.74621056498414,40.79807212210863,0.683440522136385
M01AE,16,1450,30,ETS,1.905077786676628,2.3708818641657894,66.29289284771701,57.728214062369574,52.66428337138906,0.8653456606034357
M01AE,17,1480,30,ETS,1.9323014993467682,2.374894019839013,43.62808607874714,43.73386230217819,39.4629122709439,0.8687133936897478
M01AE,18,1510,30,ETS,1.8970732534967698,2.0688598072353384,85.28551421623402,52.986035661317324,54.2677310698684,0.8518675913033725
M01AE,19,1540,30,ETS,1.5434881109487766,2.0668372165702946,60.97603944303184,44.715208979611376,43.8544928148951,0.6930607085906806
M01AE,20,1570,30,ETS,2.045361772262813,2.4384193883931777,430.92468668142897,63.03430880964711,55.06425554617883,0.9214542419933005
M01AE,21,1600,30,ETS,1.3585564668182653,1.7275373587981138,223.81583390953375,42.707343756321784,39.716518387967106,0.6081108099556516
M01AE,22,1630,30,ETS,1.362515784413619,1.8311956351913465,29.336801752602,31.481777563854713,31.8836473162732,0.6125551504809996
M01AE,23,1660,30,ETS,1.2714237276914722,1.761014950879163,48.88728009760735,33.862716742412125,32.775973869373026,0.5711093573524783
M01AE,24,1690,30,ETS,1.4287562720183362,1.8218008236160792,72.58378425747722,45.79442846159641,44.57387939034545,0.6443239463499125
M01AE,25,1720,30,ETS,1.7161747273701156,2.272290349310375,205.7405145577313,42.04029572857036,37.458523217193274,0.7777241863512813
M01AE,26,1750,30,ETS,1.6229465659386209,1.8828827115494648,95.16631818929446,48.15282290951789,45.60290446224326,0.7339978309344645
M01AE,27,1780,30,ETS,1.4792376300996923,1.8493607363907452,35.21253473803391,43.975857713021114,38.7559638990697,0.6684984407445448
M01AE,28,1810,30,ETS,1.9602369124143393,2.4588540641590066,58.04664278891101,58.80213835286925,47.3941275234969,0.8875905374013314
M01AE,29,1840,30,ETS,3.3116671517607923,4.066309711617784,42.85389230677924,54.11014611959357,46.54704579873678,1.4946529466591572
M01AE,30,1870,30,ETS,3.252736957792935,3.611419342090481,175.82639598522098,74.0979000579094,103.49805771264269,1.4598599314288825
M01AE,31,1900,30,ETS,1.796212011652302,2.3034559714948286,51.940295266907874,45.76638675343927,42.096088017599726,0.8096127822074242
M01AE,32,1930,30,ETS,1.8413808468097745,2.279060788218563,302.8225710927132,63.15507937316672,61.46267763445251,0.8271340157092825
M01AE,33,1960,30,ETS,1.1758751913082948,1.5603887933752847,117.21972647989183,45.765774796141,42.667040493539815,0.528127651761101
M01AE,34,1990,30,ETS,1.3608321318748609,1.67748585896524,33.117896706735046,37.54798080410451,34.38181232629765,0.6134914069980797
M01AE,35,2020,30,ETS,1.8525199611117722,2.244374583064079,214.19567224416025,66.46361897788232,63.880732920324554,0.838636107867518
M01AE,36,2050,30,ETS,1.4558135535470391,1.9386533815170084,74.02959119838087,47.36787815778663,44.0879515923474,0.6572230188113005
M01AE,1,1000,30,SARIMA,1.2285910097504689,1.4768261884389409,35.64242847831758,30.37901049641942,28.70584455561151,0.5465432967423437
M01AE,2,1030,30,SARIMA,1.4188607935064441,2.1043677636387175,77.2120156450198,36.1895528238223,34.44004062106035,0.6364101474834352
M01AE,3,1060,30,SARIMA,1.570415485401896,1.9025840575082833,55.29220988001321,44.81298430834551,40.3764597773942,0.7027780284385929
M01AE,4,1090,30,SARIMA,1.5783947021150517,1.9883793857480676,45.99964206776008,35.661639260937875,31.876511804084245,0.7088577282684722
M01AE,5,1120,30,SARIMA,1.7927693947252434,2.3225213849930904,77.32945890204154,43.857136119764455,38.008819813123885,0.8084208272450379
M01AE,6,1150,30,SARIMA,1.3793640559014055,1.6447876948994968,59.179476520789045,37.464432487748496,34.69836379396287,0.6215005596324211
M01AE,7,1180,30,SARIMA,1.7150819344808987,2.1848238448650137,144.1956460781209,57.26306155843891,57.85855752342003,0.776095977194784
M01AE,8,1210,30,SARIMA,1.444155092473356,1.8106422982028307,65.58451523496653,39.98015033381236,36.225837631861154,0.6527732386673366
M01AE,9,1240,30,SARIMA,1.4594599047190426,1.843282296125197,61.05155264655764,41.88516692183767,40.74427428026361,0.6614988152139537
M01AE,10,1270,30,SARIMA,1.6757640182197087,2.147947336699129,64.6869035311628,49.14803225590714,44.436222695533004,0.7619372257451373
M01AE,11,1300,30,SARIMA,1.4747706061947254,1.7825645340533565,86.79836036109272,47.81972843644325,46.057315857467415,0.6678958046375353
M01AE,12,1330,30,SARIMA,1.485934268008164,2.044694084742046,48.5100500862638,37.65769292844779,36.038374757667924,0.6730650988174326
M01AE,13,1360,30,SARIMA,1.5271508430933567,1.7270265473803563,67.39138427081802,49.74031134692637,44.96954749536283,0.6907390307259567
M01AE,14,1390,30,SARIMA,1.6851947657888882,2.0470835193817467,76.35546469851496,50.11397500405739,47.75095205023578,0.7655450499001695
M01AE,15,1420,30,SARIMA,1.4834363441228586,1.7874635251675612,77.50563734468952,45.36917782245139,40.209517992451765,0.673581190046518
M01AE,16,1450,30,SARIMA,1.9152628486614425,2.374194159409461,67.57157059759301,58.17471607172053,52.945840898475225,0.8699720329506306
M01AE,17,1480,30,SARIMA,1.9187844404928442,2.3980652628601544,42.93696600820423,42.98576938649283,39.18685674446737,0.8626364693207164
M01AE,18,1510,30,SARIMA,1.8106060558461403,1.9822079323759334,81.44998855153392,51.36445326631074,51.794247971722186,0.8130400957105569
M01AE,19,1540,30,SARIMA,1.4710234574394982,1.9495220351029798,59.87524849805052,43.61440901185052,41.79558442155279,0.6605224572412438
M01AE,20,1570,30,SARIMA,2.0898186572685367,2.523176325390857,468.74032649813006,63.28021895542805,56.26110263207798,0.9414824765236702
M01AE,21,1600,30,SARIMA,1.379814028521717,1.7519197072597772,225.67358956811617,43.08746876960142,40.33796943611955,0.6176260221539662
M01AE,22,1630,30,SARIMA,1.3845228139959969,1.8662716124227703,30.216910117885593,31.89263546376856,32.398624373941054,0.6224489949939824
M01AE,23,1660,30,SARIMA,1.2180645201318367,1.7220269692997079,46.45475199757598,32.794304332419046,31.40042930891359,0.5471409964712852
M01AE,24,1690,30,SARIMA,1.4445526677199507,1.8006462345847987,71.4522428179164,46.61675332400231,45.066690271106296,0.6514476218262001
M01AE,25,1720,30,SARIMA,1.7147697248090712,2.269786088387231,213.92928430885743,41.667827949088725,37.42785657223356,0.7770874770138327
M01AE,26,1750,30,SARIMA,1.596419700760039,1.8810367492871385,94.43256770109284,47.44634339920666,44.85753050858998,0.7220007252310432
M01AE,27,1780,30,SARIMA,1.4548769608123182,1.8537023784904696,34.51808669612571,43.50014151896842,38.117715384938116,0.6574893445028506
M01AE,28,1810,30,SARIMA,2.0191136005270445,2.5369451837022,59.89528979729163,59.48870948236552,48.81763365528271,0.9142497595144393
M01AE,29,1840,30,SARIMA,3.387351920804429,4.164359683428051,43.694518382465766,55.453186026283184,47.61083097082688,1.5288117125871106
M01AE,30,1870,30,SARIMA,3.4572032031612974,3.783542866715239,185.25766613963356,76.83578535727382,110.00392017186256,1.5516263677611686
M01AE,31,1900,30,SARIMA,1.7689080295158093,2.3119944312688467,51.802617962564256,45.19879325212039,41.456190929843665,0.7973059649723401
M01AE,32,1930,30,SARIMA,1.7958832269367357,2.2272769531397025,312.1980548127077,62.40830555900927,59.94403169641299,0.8066968372211928
M01AE,33,1960,30,SARIMA,1.1472995597108064,1.4939311327001463,112.91545036900355,45.30119083513062,41.63016375737705,0.5152933124326382
M01AE,34,1990,30,SARIMA,1.492120815624478,1.8210126927763302,35.217312715942285,41.17486958513447,37.6988584038524,0.6726790741833848
M01AE,35,2020,30,SARIMA,1.8420540382639623,2.1924442317317387,212.03397426854136,66.72546208316776,63.519834880767434,0.8338981827781378
M01AE,36,2050,30,SARIMA,1.502266111454753,1.9717283966145442,75.9600567413143,48.738201080317346,45.49472385338738,0.6781938981283875
N02BA,1,1000,30,Naive,3.078333333333334,3.474178559986039,87.3964320189955,55.97954808884127,61.017509084902564,1.1479020117674805
N02BA,2,1030,30,Naive,1.9483333333333335,2.373797941415121,41.75346160042675,47.17778293769071,41.32202191587134,0.7248901833078629
N02BA,3,1060,30,Naive,1.5533333333333337,2.164601579968009,104.71032024700955,47.23624032607667,43.10823311748382,0.5817061616768001
N02BA,4,1090,30,Naive,4.546805555533333,5.144139566110643,81.92232632546602,102.89875015475454,71.9383831055442,1.7035290528490799
N02BA,5,1120,30,Naive,3.446111111366667,3.93528494454703,120.84169454639162,65.07781711188963,79.8018783019699,1.280809691203546
N02BA,6,1150,30,Naive,1.6933333333333331,2.0176719257599833,64.62232924284166,53.19170885582499,47.34389561975768,0.6304070051302729
N02BA,7,1180,30,Naive,1.5833333333333328,2.029080251411133,98.36189555950709,48.65428936806226,43.98148148148147,0.5914513191537872
N02BA,8,1210,30,Naive,1.6733333333333333,2.2213359343722265,77.28167503286254,61.90452587301636,54.50597176981542,0.6247139083892379
N02BA,9,1240,30,Naive,1.7266666666666668,2.28392936259713,46.88359697122041,68.94486355121116,56.7982456140351,0.6445386116768242
N02BA,10,1270,30,Naive,2.896666666666667,3.3847944299962047,155.65924463943264,74.03394491570285,92.84188034188035,1.0861509951438513
N02BA,11,1300,30,Naive,1.0116666666666665,1.4103486566566912,38.416849101927966,43.01906457799672,39.39000648929266,0.3797156207700236
N02BA,12,1330,30,Naive,1.535,1.9019945671145682,115.01142089622421,59.94041840956024,52.181303116147305,0.5828014866739157
N02BA,13,1360,30,Naive,1.22,1.5677478538761689,62.684541351780666,50.54111460984155,43.779904306220104,0.46539980043741364
N02BA,14,1390,30,Naive,2.453333333333333,2.777648885898528,120.38566287951986,66.95090018409763,69.96197718631177,0.9427751258923888
N02BA,15,1420,30,Naive,2.7849999999999997,3.1732081557943848,65.9925602992502,108.84222491044757,74.89914836396235,1.0706563747531972
N02BA,16,1450,30,Naive,1.5066666666666666,1.8136059844041832,58.4920433461028,50.04700738357452,46.16956077630234,0.58178108844859
N02BA,17,1480,30,Naive,2.2499999999999996,2.921044333795706,61.334086987034986,66.63891395393208,56.34390651085142,0.8710920446699311
N02BA,18,1510,30,Naive,2.8116666666666665,3.552522577924969,58.2861863569873,89.14531116390664,67.77822418642025,1.091829830045521
N02BA,19,1540,30,Naive,1.7983333333333333,2.377691457415505,142.63614677881625,78.62999863031102,62.55072463768116,0.6969549421231953
N02BA,20,1570,30,Naive,3.0316666666666667,3.6126513809112555,100.0,200.0,100.0,1.178010106758133
N02BA,21,1600,30,Naive,2.0583333333333336,2.659652232905648,88.38081653069882,94.96647721369243,72.51908396946567,0.8009867581328644
N02BA,22,1630,30,Naive,1.675,2.085325713967325,81.25893102133467,57.1330690959019,55.802332037756806,0.6534904869150461
N02BA,23,1660,30,Naive,1.7133333333333334,2.0212207532413013,89.87446341219926,67.1084596428324,60.32863849765258,0.67092337661507
N02BA,24,1690,30,Naive,2.6550000000000002,3.2512433519091326,100.0,200.0,100.0,1.042595945174386
N02BA,25,1720,30,Naive,1.4050000000000002,1.6712021621176374,81.91456451562317,47.87979933512535,48.926291352292516,0.5537366841163288
N02BA,26,1750,30,Naive,2.145,2.5253877590052056,105.03351067860353,70.12800853382896,66.78775298391282,0.8512491982686016
N02BA,27,1780,30,Naive,2.0349999999999997,2.4987496873436523,217.39601551671845,70.22126130569526,72.80858676207511,0.8085627008630286
N02BA,28,1810,30,Naive,2.6166666666666667,3.1951786595848857,91.33793406552371,174.3020335001236,95.15151515151516,1.040639384931248
N02BA,29,1840,30,Naive,1.7216666666666667,2.0964851537752422,52.45777328806467,52.12929857669306,45.52666372851476,0.6841790789794034
N02BA,30,1870,30,Naive,1.8016666666666667,2.4824551019773415,207.25822514233477,61.33425590935535,54.789660415610754,0.7176225296151143
N02BA,31,1900,30,Naive,2.5450000000000004,2.817223810775424,144.30396319829285,74.13950986539174,92.82674772036476,1.013703780933085
N02BA,32,1930,30,Naive,2.5033333333333334,2.8785991963684925,118.04398825751683,69.68710992818079,81.54180238870794,1.0006450061289092
N02BA,33,1960,30,Naive,1.8933333333333333,2.3204166292571973,130.71622590199757,54.36116033355044,52.39852398523984,0.759050115807242
N02BA,34,1990,30,Naive,1.3216666666666665,1.7829049329675433,42.4854176974846,51.14090381055235,41.453214845791955,0.5314154485825521
N02BA,35,2020,30,Naive,1.725,2.0238782901482324,222.09367681003957,61.2624646728244,62.841530054644814,0.6933261746317205
N02BA,36,2050,30,Naive,0.9516666666666667,1.3532368602724358,29.286554116961227,39.06098536365271,35.44382371198014,0.38382238934819357
N02BA,1,1000,30,Seasonal Naive,2.5800000000000005,3.1352565020000087,58.69127810487297,57.372660007375906,51.13974231912787,0.9620748858776718
N02BA,2,1030,30,Seasonal Naive,2.658333333333333,3.222615397468336,71.4240575678214,70.75301702761816,56.380346412159774,0.989050335651019
N02BA,3,1060,30,Seasonal Naive,2.701666666666667,3.1777481544850805,149.26470964740503,73.46903763050939,74.97687326549492,1.0117443005129754
N02BA,4,1090,30,Seasonal Naive,4.05125,4.825658238170036,95.03940417800646,93.60517455732145,64.09783110290725,1.517861714353718
N02BA,5,1120,30,Seasonal Naive,3.0013888884,3.9917040699452184,106.07549595353731,56.88247908983198,69.50340922524505,1.1155206118147516
N02BA,6,1150,30,Seasonal Naive,2.1283333333333334,2.7028225986919674,70.81610984811427,59.96516406465826,59.50605778191984,0.7923521117631482
N02BA,7,1180,30,Seasonal Naive,2.09,2.5284052945153657,91.12509154115827,72.30029225015048,58.05555555555555,0.7807157412829994
N02BA,8,1210,30,Seasonal Naive,2.576666666666666,3.1404352140003353,159.77657138000612,73.10827125325943,83.93051031487512,0.9619598629180892
N02BA,9,1240,30,Seasonal Naive,2.201666666666667,2.83562162497044,79.38608328732978,89.37958147686894,72.42324561403511,0.8218489440396574
N02BA,10,1270,30,Seasonal Naive,2.183333333333333,2.7850493711961377,76.91033405232012,90.77508093547694,69.97863247863249,0.818675376086562
N02BA,11,1300,30,Seasonal Naive,1.5216666666666663,1.868354891341578,74.48631833211233,56.198995721891066,59.247242050616464,0.5711373340412381
N02BA,12,1330,30,Seasonal Naive,1.8749999999999998,2.373095727806473,166.68782414576677,61.46857268296281,63.739376770538236,0.711891066784099
N02BA,13,1360,30,Seasonal Naive,1.725,2.204521868040022,77.73806536381699,88.16850222271626,61.90191387559809,0.658044799798802
N02BA,14,1390,30,Seasonal Naive,2.6666666666666665,3.0813957876261204,117.15096494916118,97.75192865564198,76.04562737642584,1.0247555716221617
N02BA,15,1420,30,Seasonal Naive,2.648333333333333,3.1611574884315186,92.58753064655724,79.17470294361402,71.22366651725682,1.018116684310491
N02BA,16,1450,30,Seasonal Naive,1.9,2.496430785474868,63.08243402505925,70.59218289618669,58.22267620020428,0.7336619920701246
N02BA,17,1480,30,Seasonal Naive,2.07,2.670674072214728,79.7150056404239,60.72801420152906,51.83639398998331,0.8014046810963368
N02BA,18,1510,30,Seasonal Naive,2.591666666666667,3.3642359211763573,57.14058243904474,76.02510286938437,62.47488951386099,1.0063991616602164
N02BA,19,1540,30,Seasonal Naive,2.858333333333333,3.8241883670481855,304.2005269830238,102.98518034018504,99.42028985507243,1.1077643426703243
N02BA,20,1570,30,Seasonal Naive,2.111666666666667,2.7084897390735425,104.32378576619475,107.93554873299816,69.65365585486532,0.8205271056968415
N02BA,21,1600,30,Seasonal Naive,2.5516666666666667,3.0081140270940527,237.13062993568462,96.80684940762278,89.90017615971814,0.992964151175235
N02BA,22,1630,30,Seasonal Naive,2.4949999999999997,2.8491372963290718,100.64943313627181,98.81661191841016,83.12048861743475,0.9734082178227103
N02BA,23,1660,30,Seasonal Naive,2.2416666666666667,2.715096683361386,87.3955442414562,101.48023767247025,78.9319248826291,0.8778131727113513
N02BA,24,1690,30,Seasonal Naive,2.441666666666667,3.0520894482305065,110.53747190698095,93.16572397036055,91.96484620213432,0.958821757489313
N02BA,25,1720,30,Seasonal Naive,1.5616666666666668,1.9005481665386261,80.86967588440915,56.84801861254235,54.38189204875218,0.6154819371494662
N02BA,26,1750,30,Seasonal Naive,2.438333333333333,3.1465722090342476,94.37129571126925,83.16939684538538,75.9211209133368,0.9676593450403761
N02BA,27,1780,30,Seasonal Naive,2.395,3.0200027593806382,195.20180451738406,81.03832759689612,85.68872987477637,0.9516008199346211
N02BA,28,1810,30,Seasonal Naive,2.7183333333333333,3.488564652308071,101.4516966731253,110.44035688654496,98.84848484848484,1.0810718705878124
N02BA,29,1840,30,Seasonal Naive,1.8483333333333334,2.4062938307696338,54.77641131532265,54.838058151850774,48.87615689731159,0.7345155843060586
N02BA,30,1870,30,Seasonal Naive,2.3183333333333334,2.9926437587301744,242.58486111805243,82.97537198539567,70.50177394830209,0.9234162245093653
N02BA,31,1900,30,Seasonal Naive,2.2933333333333334,2.868303796090412,117.53605838912533,80.32301850981408,83.64741641337388,0.9134619532180256
N02BA,32,1930,30,Seasonal Naive,2.063333333333333,2.6007050326145538,64.7182344888833,79.7030086615271,67.20955483170466,0.8247659904045201
N02BA,33,1960,30,Seasonal Naive,2.026666666666667,2.619191987363024,106.18085900603,56.42601740272415,56.088560885608864,0.8125043493147944
N02BA,34,1990,30,Seasonal Naive,2.7716666666666665,3.5558051127698214,75.17707440795853,89.15391559644223,86.9315211709357,1.1144311361825778
N02BA,35,2020,30,Seasonal Naive,2.205,2.8424314708831004,221.06249054398526,65.30575327420303,80.32786885245903,0.8862517188770689
N02BA,36,2050,30,Seasonal Naive,1.8883333333333334,2.18736904369915,78.05368037998241,84.4683463865555,70.32898820608318,0.7615950387592003
N02BA,1,1000,30,Moving Average,1.9635714285714283,2.604469927920493,42.65572153111749,42.46940911771953,38.92113832649016,0.7322103713393463
N02BA,2,1030,30,Moving Average,1.3778571428571431,1.7078086966102752,38.229151825113675,31.201030968527295,29.2228450234813,0.5126407785411955
N02BA,3,1060,30,Moving Average,1.8171428571428572,2.3407786947849605,126.02944290771676,51.925413933948775,50.42949649795163,0.6804999120044969
N02BA,4,1090,30,Moving Average,3.7641071428571418,4.3274326772701235,84.00935556817878,77.93472605375158,59.55473098330239,1.4102793263482178
N02BA,5,1120,30,Moving Average,2.6542857139571434,3.1199406963378697,94.75517871440384,56.07573489777506,61.465512480200424,0.9865134221720427
N02BA,6,1150,30,Moving Average,1.6990476190476191,2.0270970497190293,65.39124195411699,53.217142422215645,47.50366129676474,0.6325343628528723
N02BA,7,1180,30,Moving Average,1.6819047619047616,2.217560558346033,80.76057565710401,53.0250830087073,46.71957671957671,0.6282724990229104
N02BA,8,1210,30,Moving Average,1.9471428571428575,2.3083448144315284,150.7593730861963,63.949028089897695,63.42484876686832,0.7269365883334076
N02BA,9,1240,30,Moving Average,1.6409523809523812,2.083532779568734,52.36744354081885,63.51232641241001,53.97869674185465,0.6125427622278921
N02BA,10,1270,30,Moving Average,1.5423809523809526,1.8978442836992893,53.29989728760262,57.991057889301146,49.435286935286946,0.5783401402714013
N02BA,11,1300,30,Moving Average,1.120238095238095,1.3820330336581863,57.13240683400592,45.58721213381297,43.61731714100305,0.4204664616905062
N02BA,12,1330,30,Moving Average,1.4745238095238096,1.746599709211497,194.9435562812762,53.65782053992281,50.12545528126265,0.5598401748055779
N02BA,13,1360,30,Moving Average,1.4476190476190476,1.7710003322616144,52.03963232779144,63.39675895527297,51.948051948051955,0.5522308326813963
N02BA,14,1390,30,Moving Average,1.9380952380952379,2.352468670043751,70.82169245282321,59.38972400190138,55.26887561108092,0.7447777100896782
N02BA,15,1420,30,Moving Average,1.526904761904762,1.8431390518964785,46.340764530419584,48.35542867443083,41.06422488314017,0.5869983184827097
N02BA,16,1450,30,Moving Average,1.3895238095238096,1.6607749604891553,47.317929245942615,48.545366923836156,42.57989201809427,0.5365477926968982
N02BA,17,1480,30,Moving Average,1.7633333333333332,2.3988538930080754,64.4741086708833,48.46583303617324,44.15692821368949,0.6826780616746572
N02BA,18,1510,30,Moving Average,2.1849999999999996,2.854637294234182,53.59264599973337,62.58067205462681,52.67175572519083,0.8484818655540473
N02BA,19,1540,30,Moving Average,1.840238095238095,2.235645442420977,223.57182637560703,73.18616312425537,64.00828157349895,0.7131953856308985
N02BA,20,1570,30,Moving Average,1.971666666666667,2.5676781512556,66.47834452029811,79.07120532349049,65.03573391973613,0.7661275185788189
N02BA,21,1600,30,Moving Average,1.6549999999999998,1.9652443548194358,156.1353002009841,68.47902611525303,58.308866705813266,0.6440322678752503
N02BA,22,1630,30,Moving Average,1.4349999999999998,1.8418966673875419,53.54791838160094,54.336176236343334,47.80677401443642,0.5598560290884126
N02BA,23,1660,30,Moving Average,1.5714285714285716,2.1035433339541947,64.65424076688677,64.81458653219114,55.33199195171027,0.6153549590966456
N02BA,24,1690,30,Moving Average,1.460238095238095,1.919186601371621,66.84248937317186,60.58776819486892,54.99955160972109,0.5734230949470458
N02BA,25,1720,30,Moving Average,1.1483333333333334,1.4275561868685471,59.05492338577031,41.78408410535483,39.988392338943704,0.4525795674450184
N02BA,26,1750,30,Moving Average,1.8526190476190474,2.402879154533685,75.36310286257017,65.64224353706169,57.68403884646749,0.7352170065188132
N02BA,27,1780,30,Moving Average,1.8635714285714284,2.3741969641311975,197.7860960410345,67.11666411613282,66.67518527983643,0.7404493108289371
N02BA,28,1810,30,Moving Average,1.663333333333333,1.9263435103137474,60.86719988939219,73.42194659840422,60.48484848484848,0.6615019784467423
N02BA,29,1840,30,Moving Average,1.7430952380952383,2.093044441480784,55.38885433379851,52.289147285476126,46.0933073097022,0.6926946531888001
N02BA,30,1870,30,Moving Average,1.861190476190476,2.5069478285289435,242.9185429763338,61.3456555893217,56.59981174426182,0.7413314806397975
N02BA,31,1900,30,Moving Average,1.4716666666666665,1.7956433482219138,77.11311601641523,54.37042019391293,53.67781155015198,0.5861823435258113
N02BA,32,1930,30,Moving Average,1.5085714285714287,1.954890953341332,44.7158122245327,56.71534020904405,49.13913448115403,0.6030137681979045
N02BA,33,1960,30,Moving Average,1.811904761904762,2.262544771609485,116.65121609415499,53.09154805217789,50.14496573537164,0.7264048517722727
N02BA,34,1990,30,Moving Average,1.40547619047619,1.8394602321274118,52.63996053248343,51.224593649274,44.08184601598087,0.5651135638592694
N02BA,35,2020,30,Moving Average,1.7288095238095242,2.0283152923473384,222.58263719350575,61.3305602516635,62.98031052129415,0.694857329744779
N02BA,36,2050,30,Moving Average,0.9164285714285714,1.1725713067390635,34.618704356059524,36.992829896673015,34.131417930300614,0.3696103018767068
N02BA,1,1000,30,ETS,2.053360105785062,2.7511678940998556,41.97519758468105,44.67682393355232,40.70089406907953,0.7656923214879563
N02BA,2,1030,30,ETS,1.473316685657133,1.7587582679621956,43.04307989047163,33.14815041526383,31.247437659748318,0.5481571269477495
N02BA,3,1060,30,ETS,1.751343251070111,2.2340640448082625,120.26241662359776,50.99501513967988,48.603420473731106,0.6558586869261133
N02BA,4,1090,30,ETS,2.818557819328804,3.4474482487820706,90.25609509164944,53.68457525340759,44.59449381230886,1.0560150579824736
N02BA,5,1120,30,ETS,1.850538700278787,2.2745750115042056,62.18450593778727,45.47621622159196,42.85307681044777,0.6877862682507383
N02BA,6,1150,30,ETS,1.8647831019946775,2.293046182581264,78.60666157919175,55.05003861546272,52.13745858326217,0.6942356282751998
N02BA,7,1180,30,ETS,1.7733836361483133,2.123175886516418,122.34286449202575,51.95721930670093,49.26065655967537,0.6624442679783117
N02BA,8,1210,30,ETS,1.830144827193319,2.1783297468024996,137.45302732940294,62.108246486194766,59.61383801932635,0.6832571282356283
N02BA,9,1240,30,ETS,1.626765125563761,2.0125087042947425,62.19860400277434,60.28953770216935,53.51201070933425,0.6072468738736339
N02BA,10,1270,30,ETS,1.5113499461215696,1.8163904429446491,63.67174314398969,54.61982046132475,48.440703401332364,0.5667045735295335
N02BA,11,1300,30,ETS,1.2283215615850054,1.4644853460632068,62.59534395735006,49.03839838643655,47.825628614601115,0.46103415248348123
N02BA,12,1330,30,ETS,1.4009906186449477,1.669050769925818,151.51915047689616,53.4816916053892,47.62574341002655,0.5319214432328889
N02BA,13,1360,30,ETS,1.2245354008014528,1.525268205965029,58.226652458057394,52.03567042863614,43.942657923497116,0.46712994357503645
N02BA,14,1390,30,ETS,1.8568190267549685,2.4253413051368273,57.46537698385762,57.354659971048406,52.95111293027476,0.7135446161854477
N02BA,15,1420,30,ETS,1.5207543190293855,1.8562283935245154,47.69723873984811,47.519395044560206,40.89881628945008,0.5846338621552133
N02BA,16,1450,30,ETS,1.4074189434451123,1.6573297969169816,47.65822144466555,49.44214648823404,43.128261801178105,0.5434577819606164
N02BA,17,1480,30,ETS,1.6722422502757248,2.297565997785897,67.04803265211548,45.43476415807255,41.875849339125,0.6474119648782791
N02BA,18,1510,30,ETS,1.9718175710860646,2.582635022716607,55.65327386487914,55.283144707599554,47.532765875919594,0.7656986046898648
N02BA,19,1540,30,ETS,2.0990333620181034,2.45030024856924,277.71723147366936,77.0384116500656,73.00985607019489,0.8134930539425301
N02BA,20,1570,30,ETS,1.7036367531708518,1.9848245620183416,113.60563220660356,61.51454553827512,56.19472522828538,0.6619795426541641
N02BA,21,1600,30,ETS,1.6364195042730143,1.9181773609331263,191.93556820239712,65.52990691277834,57.654239727763276,0.6368017912581525
N02BA,22,1630,30,ETS,1.4816020191318406,1.8443561679819367,56.77090088884344,55.62632327850139,49.35931213098858,0.5780375074010639
N02BA,23,1660,30,ETS,1.703205440279728,2.036456178006599,91.96221687820483,66.4317500535851,59.972022545060845,0.6669573998414194
N02BA,24,1690,30,ETS,1.4535434453858869,1.908701432055498,64.05681463613996,61.34583439228015,54.74739907291476,0.5707941628226486
N02BA,25,1720,30,ETS,1.1859311033134068,1.487730569459561,54.95046272987702,43.33708409333485,41.29765885014765,0.4673975492805588
N02BA,26,1750,30,ETS,1.8995226821490903,2.437283035012558,73.21229715654327,68.80821275548634,59.144452998933794,0.753830843949854
N02BA,27,1780,30,ETS,1.5672372486285089,2.2070557062805034,149.31371117690148,61.703630412206,56.07288903858707,0.6227074116187761
N02BA,28,1810,30,ETS,1.655756798279721,1.9508306667383664,61.33716388270617,72.35225822609105,60.209338119262576,0.6584888163659394
N02BA,29,1840,30,ETS,1.8745411420983473,2.363461447185692,46.59243265687712,58.289102551990766,49.569179605950126,0.7449303961915855
N02BA,30,1870,30,ETS,1.774396847633412,2.4740618982952314,213.30635922343012,60.21651331005526,53.960370429804726,0.7067606777094025
N02BA,31,1900,30,ETS,1.4013151780712072,1.756485229250473,71.78691401509911,52.631735113160275,51.11179980806836,0.558160508561769
N02BA,32,1930,30,ETS,1.4195244619295557,1.8096152077840753,49.66559333892348,52.244903658723594,46.23858182180964,0.5674194662746884
N02BA,33,1960,30,ETS,1.7181253153041323,2.299470652859318,90.15944661256763,51.46509321184748,47.54959359697783,0.6888080384962795
N02BA,34,1990,30,ETS,1.3474104492213448,1.7573927668378055,46.84504080625999,50.85722426127924,42.260651831301985,0.541766503125684
N02BA,35,2020,30,ETS,1.4500568577836974,1.64026158619162,170.7179644646851,56.38451989949834,52.825386440207566,0.5828187676554573
N02BA,36,2050,30,ETS,0.9724965709425931,1.198191307860075,40.94450280436725,38.56926053287096,36.219611580729726,0.39222342293391715
N02BA,1,1000,30,SARIMA,2.005675127683936,2.683291490376838,41.40256196678689,43.584216213791485,39.75570124249626,0.7479107246411655
N02BA,2,1030,30,SARIMA,1.4085650715084483,1.667507741943335,41.11446916957217,31.835065670737034,29.87412664917176,0.5240658646125639
N02BA,3,1060,30,SARIMA,1.807117386321377,2.3361981032384933,125.37793491259521,51.742817120257726,50.15126881557938,0.6767454840105703
N02BA,4,1090,30,SARIMA,2.857074955414725,3.4663931565744046,88.30547533769243,54.54598690958875,45.20390199087178,1.0704460820395847
N02BA,5,1120,30,SARIMA,1.75898630730106,2.1794607838375244,58.73477773454307,43.69201816691843,40.732990519972574,0.6537591610596866
N02BA,6,1150,30,SARIMA,1.8261623931221151,2.2601589043747197,78.06970173571315,54.310895406935934,51.05766243584664,0.6798576172025461
N02BA,7,1180,30,SARIMA,1.8673287338545057,2.205259884087992,134.809327941188,53.454751102167286,51.870242607069606,0.6975372902728542
N02BA,8,1210,30,SARIMA,1.9015087581656585,2.2504720413170753,144.6338501636085,63.33309507282632,61.93839603145468,0.709899781762969
N02BA,9,1240,30,SARIMA,1.7169350098018323,2.081307813433256,69.2031703351331,62.256425593781884,56.478125322428696,0.640905931017572
N02BA,10,1270,30,SARIMA,1.5248687211674459,1.7929396470672332,66.26525051051333,55.125999248260996,48.87399747331557,0.5717736521149895
N02BA,11,1300,30,SARIMA,1.1817707128373753,1.4398243771071295,62.5073738738723,47.146646617074545,46.013136126049645,0.4435619108726959
N02BA,12,1330,30,SARIMA,1.3857639719083623,1.6565666018312157,158.65914756313273,52.660048975099315,47.108123690935834,0.526140262545501
N02BA,13,1360,30,SARIMA,1.2287376572537296,1.5511835749506142,60.794620040944345,51.2531986952421,44.09345660001422,0.46873300039001714
N02BA,14,1390,30,SARIMA,1.9042984055564032,2.422166045709728,61.38141623590288,58.890380007726094,54.30508761092404,0.7317901504219212
N02BA,15,1420,30,SARIMA,1.44615909765038,1.7431038657178808,47.061758901603824,45.40152703553771,38.892669591673155,0.5559567169862517
N02BA,16,1450,30,SARIMA,1.3980929878947286,1.6644109663836815,48.03018511779053,48.715069515825306,42.842481753668906,0.5398566771569049
N02BA,17,1480,30,SARIMA,1.638637103750523,2.240219678512755,69.31128537858646,44.361754980528616,41.0343181239697,0.634401664523581
N02BA,18,1510,30,SARIMA,2.0112380104162395,2.6220561156476494,58.24113152993222,55.976893449377364,48.483037615497935,0.7810063977808611
N02BA,19,1540,30,SARIMA,2.0623862963030932,2.4028401304957825,271.75229444709254,75.88485595950625,71.73517552358584,0.7992902623404597
N02BA,20,1570,30,SARIMA,1.7064441101219896,1.974323251455577,117.14913650861276,61.327863078024734,56.28732633717392,0.6630703930758414
N02BA,21,1600,30,SARIMA,1.6820833930152193,1.9531832696771507,201.57689372553182,66.53088709240899,59.26306728180456,0.6545715905491769
N02BA,22,1630,30,SARIMA,1.415663571876587,1.8344776350311751,56.05453411670155,53.10848247727681,47.16258429350096,0.5523120459065817
N02BA,23,1660,30,SARIMA,1.7113372757276364,2.0194690681595935,88.37950586761845,67.0729587524695,60.258354779142124,0.6701417413765102
N02BA,24,1690,30,SARIMA,1.4496167018345896,1.9000024374913267,64.38979234125414,60.76561848589507,54.59949912747983,0.569252163988629
N02BA,25,1720,30,SARIMA,1.1513253533060344,1.4160613828805146,55.655757850071765,42.09429486128584,40.09258340009406,0.4537587782766862
N02BA,26,1750,30,SARIMA,1.8452932700423943,2.428686086732671,70.81753520573174,66.2340401214744,57.45593990791057,0.7323097513725102
N02BA,27,1780,30,SARIMA,1.5592486702497377,2.210632469652143,158.34293213652762,61.05424458601075,55.787072280849294,0.6195333248816777
N02BA,28,1810,30,SARIMA,1.6691943082236909,1.9421327238014954,63.660182886947105,72.87274397162521,60.69797484449785,0.6638328681174427
N02BA,29,1840,30,SARIMA,1.8216280508906328,2.2735256257220624,46.425274675026465,56.620784970758386,48.16997930958041,0.7239030796329521
N02BA,30,1870,30,SARIMA,1.7973176075033126,2.466021690925767,217.11896027255793,60.7607656481018,54.65740316786557,0.7158902542192297
N02BA,31,1900,30,SARIMA,1.427993450197677,1.7641210690310318,73.97505632332592,53.42641011010462,52.08486748441376,0.568786781773307
N02BA,32,1930,30,SARIMA,1.4084089625010157,1.8162798723566245,50.83288636630724,51.526861215094264,45.87651343651517,0.562976322868378
N02BA,33,1960,30,SARIMA,1.7477997936473375,2.315773141498939,94.44099517019372,52.202450031516136,48.37084299762004,0.7007047372055732
N02BA,34,1990,30,SARIMA,1.3749103234076583,1.7961746364192754,47.8539678535592,51.49040865545824,43.12316748795583,0.552823646613717
N02BA,35,2020,30,SARIMA,1.496833811719829,1.683289925215281,177.32851949405227,57.57813620351847,54.529464907826195,0.601619745356015
N02BA,36,2050,30,SARIMA,0.9614271932794071,1.2174771175768475,41.870235012485445,37.79718766422182,35.807344256216275,0.38775896585866504
N02BE,1,1000,30,Naive,13.026944444333333,17.044981103057765,30.512930266274214,26.192889754382286,26.186713719865338,1.1215011805444242
N02BE,2,1030,30,Naive,10.50953333333333,15.142649724096065,25.13872524219129,27.043394205052657,27.698311320704978,0.8998931658320405
N02BE,3,1060,30,Naive,14.83703333333333,19.233083331419678,29.226383060904006,37.62100523820228,33.81698556868644,1.2568232528227685
N02BE,4,1090,30,Naive,17.383144444333333,25.975112104269915,35.593798628215865,29.770236335777323,31.540565195997246,1.457617462784929
N02BE,5,1120,30,Naive,23.498527778,26.188445847565315,111.1518385585059,65.68291278410967,84.2616138412854,1.921365004827596
N02BE,6,1150,30,Naive,11.686666666666666,12.765056469388089,72.43044506177603,49.70240568578809,57.13820078226859,0.9545480571376346
N02BE,7,1180,30,Naive,6.489999999999999,7.684497381091362,36.30869062688218,38.656236008664116,35.27173913043478,0.5351491635107666
N02BE,8,1210,30,Naive,9.541666666666668,10.581355458226197,133.45400844770305,52.50451402253501,58.5677749360614,0.7935030492254227
N02BE,9,1240,30,Naive,6.096999999999999,7.010076319128059,43.70865932536565,35.717120595832725,34.74800053192499,0.5128733955683633
N02BE,10,1270,30,Naive,16.296666666666667,16.743008491108558,119.12443755922646,70.13201971676034,103.77839099978772,1.3820257678632701
N02BE,11,1300,30,Naive,4.656666666666666,7.440263633321963,25.434429125264437,26.006469886609672,27.856430707876374,0.40030169095434315
N02BE,12,1330,30,Naive,18.73333333333333,19.998433271967414,96.078226610444,60.19266940736654,80.2284082798001,1.6259151979281066
N02BE,13,1360,30,Naive,15.928333333333336,19.895286292654013,35.10721576096402,46.81257880966253,40.272217774219385,1.3907006549545515
N02BE,14,1390,30,Naive,28.524999999999995,30.163422937944777,138.31562905643676,69.05473637689973,95.82330216673198,2.4751232677253707
N02BE,15,1420,30,Naive,10.2283,12.12305297219585,29.119261714863853,39.95384875312444,33.75494610301535,0.8863067452544291
N02BE,16,1450,30,Naive,16.214833333333335,20.49199845874807,35.96792943945583,55.71406442786162,45.53428094036815,1.4067109874854369
N02BE,17,1480,30,Naive,13.023733333333332,15.74988544296963,27.91376964093042,29.566134772281032,28.110556639557032,1.1153511070078608
N02BE,18,1510,30,Naive,9.424966666666668,13.724398241817381,25.329450220360805,27.95426994309408,28.689491846676322,0.8049489220028698
N02BE,19,1540,30,Naive,8.787933333333335,11.116507050328355,29.09055053169017,33.760444673866004,29.823775489657077,0.7464122136461552
N02BE,20,1570,30,Naive,9.446633333333333,13.313330553746999,35.8190366208044,42.32311770643587,40.88572586846407,0.8018543806260595
N02BE,21,1600,30,Naive,25.988966666666663,26.89135233800388,170.2442000231019,84.24498457399817,134.69158943085918,2.201628794214546
N02BE,22,1630,30,Naive,6.711666666666667,7.839749545319247,41.90682606856728,32.817153171939204,31.6999751249264,0.5731354524309836
N02BE,23,1660,30,Naive,7.494600000000001,9.272204060164624,35.64377224010496,38.19207615770926,36.3322872868182,0.6432321246019206
N02BE,24,1690,30,Naive,10.731666666666666,12.190477841331735,39.540381863500144,34.53591383424468,34.64622006994888,0.9253780981461104
N02BE,25,1720,30,Naive,12.377933333333333,14.14774474842781,43.07404437979386,32.85200684572935,32.92990275454879,1.0639974859890247
N02BE,26,1750,30,Naive,16.750833333333336,20.186229320174355,71.4825820533764,42.508514471442076,46.75629782977833,1.4359336916003318
N02BE,27,1780,30,Naive,14.83,19.06106852548758,33.46556798559871,54.19768535160051,44.53007706936242,1.2670629929156412
N02BE,28,1810,30,Naive,22.276666666666667,25.451905626101947,40.51480183029384,67.97044801368253,50.771100812884605,1.8903449913024957
N02BE,29,1840,30,Naive,22.548733333333338,29.578934019557455,35.97646066490499,47.38403938185515,42.99741556079026,1.8911274589177252
N02BE,30,1870,30,Naive,23.707933333333326,26.30029356236669,109.39687864399177,60.2189164414188,76.99364121927506,1.977341230546471
N02BE,31,1900,30,Naive,9.918333333333333,11.668950966846449,56.439905039026925,40.04899992098172,40.64057911630131,0.827285998845855
N02BE,32,1930,30,Naive,14.983333333333333,17.489149016842795,57.79883601864172,92.77742979910445,66.42529924634253,1.2537710223422835
N02BE,33,1960,30,Naive,7.3179333333333325,8.821724404370533,41.966573203845314,31.448724076565078,33.03996315816404,0.6117795828851341
N02BE,34,1990,30,Naive,5.495,8.132983257493322,22.76722089749623,27.36964478883027,27.75018937799848,0.46205977906064477
N02BE,35,2020,30,Naive,7.3125,8.668613162822913,57.22115449205276,38.36181842821346,38.67172006522409,0.6189937878886165
N02BE,36,2050,30,Naive,6.017666666666667,8.083422645554707,28.760995180719558,32.08021301251069,31.47424945081767,0.5115402674457216
N02BE,1,1000,30,Seasonal Naive,16.437744444333333,20.779125067703877,33.69664932562187,37.02946859837063,33.043090787978926,1.4151399722769609
N02BE,2,1030,30,Seasonal Naive,15.569533333333332,20.11694001289175,47.94985234333334,38.07231829647197,41.034151346849555,1.333162586527231
N02BE,3,1060,30,Seasonal Naive,20.192766666666664,24.195025616160578,40.66411206559575,55.12445078277294,46.02392429923228,1.71049953958616
N02BE,4,1090,30,Seasonal Naive,26.400488889,36.02229898374594,54.268522032626876,45.58063705190813,47.90193993245852,2.21374295967554
N02BE,5,1120,30,Seasonal Naive,16.754472221999997,19.783102452307602,79.34711318895805,53.39285993164498,60.07860925680782,1.369935040434551
N02BE,6,1150,30,Seasonal Naive,11.073333333333334,13.374054483713357,60.578147978960914,48.75269800797318,54.1395045632334,0.9044519811212842
N02BE,7,1180,30,Seasonal Naive,6.623333333333332,8.29207452933221,32.16626161887115,39.26273645651793,35.996376811594196,0.5461434966080602
N02BE,8,1210,30,Seasonal Naive,7.1483333333333325,8.84724533400086,83.2443295086731,44.09660130962176,43.87723785166241,0.594468921943727
N02BE,9,1240,30,Seasonal Naive,8.173666666666668,10.05805663800584,58.0150189685847,42.90141431827127,46.58333175022321,0.6875604686857931
N02BE,10,1270,30,Seasonal Naive,7.176666666666667,9.081941789433946,52.688611806588995,41.62343580743523,45.70154956484823,0.6086114702821888
N02BE,11,1300,30,Seasonal Naive,5.836666666666667,7.812369866649513,36.33698044347884,32.958713873820265,34.91525423728814,0.5017381967509341
N02BE,12,1330,30,Seasonal Naive,9.09,11.122259962195933,37.76288555975433,40.630616122929794,38.92933618843683,0.7889449723754355
N02BE,13,1360,30,Seasonal Naive,15.341666666666667,18.723343273393596,36.247674766489936,45.8424398832359,38.788925877544145,1.3394788666795694
N02BE,14,1390,30,Seasonal Naive,15.104999999999999,19.183971173873257,71.02454063889765,44.08974270202546,50.74183976261127,1.3106656252056696
N02BE,15,1420,30,Seasonal Naive,10.494966666666665,12.07194488749293,33.90192313809447,41.63955646352254,34.63498667288561,0.9094140519819576
N02BE,16,1450,30,Seasonal Naive,16.954833333333333,22.19737073394054,39.849344936376866,66.47515725533847,47.612339172801775,1.470909373576725
N02BE,17,1480,30,Seasonal Naive,17.883733333333335,21.12295524147446,36.214040583312595,43.92251617097979,38.60042937970174,1.5315609787337003
N02BE,18,1510,30,Seasonal Naive,20.96663333333333,25.372534355742495,71.35763000876129,50.464919451804654,63.82219453319925,1.7906767733604114
N02BE,19,1540,30,Seasonal Naive,12.85126666666667,16.22513366149362,46.17758147784343,43.19179051656659,43.613586640512416,1.09153563607944
N02BE,20,1570,30,Seasonal Naive,10.760033333333334,13.703026567149317,53.49123199029816,43.45013617623331,46.57021794736775,0.9133391293563938
N02BE,21,1600,30,Seasonal Naive,7.198033333333333,9.459579477968353,45.41390215382293,35.01256919465336,37.304851819540296,0.6097740495665255
N02BE,22,1630,30,Seasonal Naive,8.394466666666668,9.652629078822688,43.611219552188544,43.771030516369166,39.648033452250885,0.7168363224609106
N02BE,23,1660,30,Seasonal Naive,8.062066666666668,9.994326797405282,49.48689534315051,39.58830786071472,39.08324957420197,0.6919355630296913
N02BE,24,1690,30,Seasonal Naive,13.1,16.96655042527306,39.894564697887624,46.260546875799605,42.292171105730425,1.1295964981252413
N02BE,25,1720,30,Seasonal Naive,16.602066666666666,19.969985014182324,50.10519106105239,45.32132690696354,44.167667261998716,1.4271006895784044
N02BE,26,1750,30,Seasonal Naive,12.875833333333336,14.718566081653472,43.74572960006194,37.13236373215418,35.940080481961346,1.1037566026026928
N02BE,27,1780,30,Seasonal Naive,12.745,17.720254418790567,30.924326354663677,40.69856005873348,38.26944249824842,1.088922309151035
N02BE,28,1810,30,Seasonal Naive,18.863333333333333,22.421154445448757,35.38372391814932,58.969723914267504,42.99171921294538,1.600697636657313
N02BE,29,1840,30,Seasonal Naive,18.0546,21.295201753759773,40.692246252105285,34.180047272418726,34.427704984929406,1.5142114333004346
N02BE,30,1870,30,Seasonal Naive,13.306266666666668,16.90993489441439,64.6365041915629,38.881342290014636,43.21329519941284,1.1097985359884948
N02BE,31,1900,30,Seasonal Naive,13.868333333333334,16.891716411701132,79.17437311818509,49.34004660384985,56.825787065492065,1.1567546288684858
N02BE,32,1930,30,Seasonal Naive,12.67,15.375359074397796,58.26197882412005,66.842486699488,56.16964681542781,1.0601965864122402
N02BE,33,1960,30,Seasonal Naive,9.038733333333331,10.925502038808103,41.90953970796859,41.36761402388716,40.8092562102874,0.7556385466493214
N02BE,34,1990,30,Seasonal Naive,6.431666666666667,8.32885046089795,32.50609334005775,31.705748332999477,32.480430940156545,0.5408215612359806
N02BE,35,2020,30,Seasonal Naive,7.315833333333333,9.606899647302106,53.30798501618374,36.58099254477735,38.689348199726766,0.61927595029905
N02BE,36,2050,30,Seasonal Naive,8.884333333333334,12.030532892048742,46.700829974654816,46.544409479901674,46.46779873775236,0.7552253225630542
N02BE,1,1000,30,Moving Average,13.127579365190476,17.830158305645096,26.44020072129156,26.53845723463324,26.389009651499073,1.130164929977575
N02BE,2,1030,30,Moving Average,11.140796825523811,14.199304113682835,32.85774512012144,28.610371307257953,29.362032456317156,0.9539459657465449
N02BE,3,1060,30,Moving Average,18.03815714285714,22.581840261967287,34.03644926677109,47.41631621713835,41.11307739770742,1.5279857385156044
N02BE,4,1090,30,Moving Average,15.645585714619049,25.74815254193014,29.40265378834035,26.791402731820707,28.38787987074283,1.3119190849594164
N02BE,5,1120,30,Moving Average,15.548400793142857,18.673911404105468,76.32758727908853,51.189743357159735,55.75384789458698,1.2713202055554889
N02BE,6,1150,30,Moving Average,8.620000000000001,9.745769708488108,50.30485544676711,39.515165195580806,42.14471968709258,0.7040676770558824
N02BE,7,1180,30,Moving Average,6.490000000000003,7.735319868589,35.26550285657065,38.77164750602552,35.271739130434796,0.5351491635107669
N02BE,8,1210,30,Moving Average,6.458333333333335,7.792095353626007,93.74893706319939,39.8941735850223,39.64194373401536,0.5370872167246311
N02BE,9,1240,30,Moving Average,6.628428571428572,7.724982174208348,53.009923559681205,37.988865980252484,37.77671634013889,0.5575766227178822
N02BE,10,1270,30,Moving Average,4.00904761904762,5.024092296262136,33.312350738464275,25.372327511088105,25.529914789095436,0.33998407327355507
N02BE,11,1300,30,Moving Average,5.089047619047618,7.242343304399172,30.840434741963897,28.78010977691507,30.442956843754448,0.43747051551580585
N02BE,12,1330,30,Moving Average,5.620952380952381,7.922776947372879,21.397184964135665,23.459248369562637,24.072601203222185,0.4878572190224548
N02BE,13,1360,30,Moving Average,14.42738095238095,18.32781913053576,32.700901809193084,41.64496805145069,36.477302142465845,1.259652703134143
N02BE,14,1390,30,Moving Average,11.195476190476189,14.100008503398794,62.40003190728151,36.763938642634564,37.60867652587041,0.9714350083194747
N02BE,15,1420,30,Moving Average,7.312109523809524,9.662903348464617,21.002936875273733,27.77653114298974,24.131073871076882,0.6336118409698125
N02BE,16,1450,30,Moving Average,14.294833333333335,18.858976664531227,30.83561270092452,47.78008951705473,40.14256228324308,1.2401422019512836
N02BE,17,1480,30,Moving Average,15.506590476190475,18.97872454471632,30.74028788304823,36.24532528191317,33.469580396867876,1.32798272283958
N02BE,18,1510,30,Moving Average,16.88497619047619,18.850842977686376,65.70861984185474,45.342985495475496,51.397676392983584,1.4420786686320304
N02BE,19,1540,30,Moving Average,9.212457142857144,11.570721002176315,36.46709279696301,34.042254111859165,31.264489967682103,0.7824695828128343
N02BE,20,1570,30,Moving Average,9.065595238095238,10.66571557846356,51.7646511478378,39.33150049679758,39.2365648861727,0.7695108932617347
N02BE,21,1600,30,Moving Average,6.242300000000001,8.488012953571644,42.34789210248759,31.545634758866587,32.35162519111004,0.5288100753829689
N02BE,22,1630,30,Moving Average,7.034057142857143,8.236636131202053,34.59623673004531,34.782590497846485,33.222662496530766,0.6006656354105022
N02BE,23,1660,30,Moving Average,6.7345999999999995,8.0550146782403,42.18197680722346,33.97614604069463,32.64796279478635,0.5780043052790134
N02BE,24,1690,30,Moving Average,10.506428571428573,14.147928203414791,29.29133990301201,33.886566507294575,33.91905914908337,0.9059561009228013
N02BE,25,1720,30,Moving Average,10.882542857142857,12.573716505981402,31.369291255600363,29.646382082498846,28.951608346675307,0.9354548880939589
N02BE,26,1750,30,Moving Average,9.618690476190476,11.988834534115256,39.0297711058931,28.554103142385028,26.84847659144605,0.8245441554452301
N02BE,27,1780,30,Moving Average,11.716666666666667,14.96689123810731,29.057714577378103,39.90011897574632,35.18166349714743,1.0010623556076599
N02BE,28,1810,30,Moving Average,16.636666666666667,20.743759409079367,26.317233752856822,48.344735585545195,37.91688824736003,1.4117479951504945
N02BE,29,1840,30,Moving Average,16.44587619047619,20.106635748794325,36.623283690405536,30.88917009631723,31.36008406192266,1.3792902505877973
N02BE,30,1870,30,Moving Average,13.304123809523809,15.713510676904678,64.98239309363508,41.21417720407911,43.20633607852609,1.1096198127012231
N02BE,31,1900,30,Moving Average,13.44166666666667,15.324601680522292,80.8758449755251,49.727101460210136,55.07751143891282,1.1211664561740584
N02BE,32,1930,30,Moving Average,9.427142857142856,11.817778317168653,35.49605870169937,49.737107456380784,41.79315586142835,0.7888417266585153
N02BE,33,1960,30,Moving Average,5.349361904761906,6.254170502756622,27.076171018753296,24.424888303337873,24.151999232891747,0.4472069156314896
N02BE,34,1990,30,Moving Average,4.6883333333333335,6.692066198118486,22.42267583047989,22.787675804427046,23.676458210588333,0.39422934743633414
N02BE,35,2020,30,Moving Average,6.702976190476189,8.029487561058756,50.52764831476868,35.93549188265946,35.44828975616512,0.5673983756950516
N02BE,36,2050,30,Moving Average,5.58909523809524,7.510140575421012,28.369080481924087,29.49346865783154,29.23268892619289,0.47510894691323013
N02BE,1,1000,30,ETS,13.463517597077441,17.6354097830129,25.652504906050012,27.74980375633677,27.064311395785584,1.159086149781742
N02BE,2,1030,30,ETS,11.142186545034553,13.726410479223242,35.65737949453016,28.453176686778548,29.365695119771008,0.9540649623804082
N02BE,3,1060,30,ETS,14.282383110138328,17.282729156693517,28.46880866704265,37.92500844958022,32.55281110927379,1.209839648888369
N02BE,4,1090,30,ETS,19.613191988955013,29.68138745108959,36.52878193337406,33.87537540067736,35.586838883508506,1.6446121836934842
N02BE,5,1120,30,ETS,19.334734184001285,22.567616745623763,94.67463156995983,58.38661593812547,69.33097770752677,1.5809110251393688
N02BE,6,1150,30,ETS,7.499020014710644,8.534868294426857,44.25613042270809,34.74568787490269,36.664048311818675,0.6125078424539316
N02BE,7,1180,30,ETS,6.131046956265808,8.19828776549404,31.92042767731716,35.3006337091691,33.32090737100983,0.5055507935425084
N02BE,8,1210,30,ETS,6.04509128615465,7.140538770209542,79.72340811136381,37.86576843723099,37.105419659261294,0.5027212263835543
N02BE,9,1240,30,ETS,5.870675363871996,6.98704968693013,43.902385508944946,34.564141126996475,33.45813197746155,0.4938351989746709
N02BE,10,1270,30,ETS,3.7676172354853197,5.12114777026279,30.214338865472822,23.600716937142803,23.992468067195837,0.31950976290978667
N02BE,11,1300,30,ETS,5.390684387405742,7.983386237424558,30.664878649089506,30.356515584673904,32.24736423173924,0.463400159415826
N02BE,12,1330,30,ETS,5.916687871961136,7.965462863018201,22.62937575167114,24.932799443314533,25.33913435529394,0.5135248789547252
N02BE,13,1360,30,ETS,15.727772676227234,19.29745137150733,34.97920566849416,46.70358957581907,39.765132551246644,1.373189730781972
N02BE,14,1390,30,ETS,11.042202658252297,13.854953963895257,60.36056044901091,36.14827809448251,37.09378867337427,0.9581354154734165
N02BE,15,1420,30,ETS,7.001320114854315,9.139896739144406,20.12687221533539,26.958352716157137,23.105421538952182,0.6066811927183299
N02BE,16,1450,30,ETS,13.612305620456091,18.10417502911519,28.800005182439907,44.84974401383237,38.22589696890707,1.1809297997495307
N02BE,17,1480,30,ETS,14.115273557082814,17.33868622458206,28.34424991079358,32.57832031564257,30.466548005376197,1.2088304931211047
N02BE,18,1510,30,ETS,16.988572661690583,18.463394652507947,65.13867489727677,45.54363274524758,51.71302287869173,1.4509264312583166
N02BE,19,1540,30,ETS,8.511204483439798,11.808767337891073,33.41892623823313,31.4660568376897,28.884635560200493,0.7229079623513354
N02BE,20,1570,30,ETS,8.93269010663283,10.339561905558483,52.5236675401358,38.347770970958095,38.66134167386592,0.7582295660300774
N02BE,21,1600,30,ETS,6.197676098190862,8.434546213951187,42.38047995703861,30.715150150793725,32.120355347319425,0.5250298070716777
N02BE,22,1630,30,ETS,6.707829678969802,8.636179490916101,33.07743559967468,33.31994432069945,31.681852589856334,0.5728077970528439
N02BE,23,1660,30,ETS,6.857176471378302,8.404064630829312,45.252426223534584,34.032260103919604,33.242188446952035,0.5885245630794125
N02BE,24,1690,30,ETS,11.269866360159673,14.66176519437979,31.82871176479352,37.17652153868451,36.383749346762464,0.9717863797538798
N02BE,25,1720,30,ETS,10.469184826179896,12.599154054429539,28.56326462341581,28.55089230834692,27.851922365513502,0.8999229544573828
N02BE,26,1750,30,ETS,9.490575915414839,11.548098901173612,39.345755337809,28.29856537136092,26.49087273731201,0.8135617756112528
N02BE,27,1780,30,ETS,11.75731551819731,14.810974408103158,31.23731983129413,39.48255564977632,35.30371990250418,1.0045353600229667
N02BE,28,1810,30,ETS,16.35435055566295,20.000482361442305,26.37627036954328,48.64261925351098,37.273457165531305,1.3877913209143786
N02BE,29,1840,30,ETS,14.202114593497082,18.37293466077602,28.053111367200145,26.874685599101838,27.081531099391736,1.191109428872212
N02BE,30,1870,30,ETS,15.151596585530134,18.20362834544429,73.07711208760949,44.351104740553424,49.20616972400943,1.2637068029482061
N02BE,31,1900,30,ETS,12.310195828053152,14.682887962331781,73.73100247470592,46.143926312337506,50.44128591703812,1.026790722728855
N02BE,32,1930,30,ETS,9.673542112281387,12.48445572074933,34.70546091245933,50.70628701719878,42.88551254151642,0.8094598520880646
N02BE,33,1960,30,ETS,5.6118974211375825,6.628121475379114,28.895553107605505,25.303190651633162,25.337328941930082,0.46915489758006046
N02BE,34,1990,30,ETS,5.0993745967211845,6.412131108321934,26.561388198685915,24.571043991247258,25.75224945739172,0.42879270236732575
N02BE,35,2020,30,ETS,7.149827466014707,8.660292432153636,49.08967745860428,37.91421120738823,37.81143607252941,0.6052237655984289
N02BE,36,2050,30,ETS,5.699677232087704,7.4543319768968095,31.086248082991002,29.835239180562684,29.811066801951096,0.4845091257391737
N02BE,1,1000,30,SARIMA,12.925623140472625,17.4153986125925,26.04858062036995,26.218776300202297,25.98303802375243,1.112778339790811
N02BE,2,1030,30,SARIMA,12.485569475435257,15.079281285579446,40.573918798554814,31.53322935239392,32.90623659282972,1.0690939631761631
N02BE,3,1060,30,SARIMA,15.947280135673163,19.446918559480753,31.253059759543532,41.81731293872096,36.347491448730274,1.350870625110995
N02BE,4,1090,30,SARIMA,18.94421658059174,28.836151445520645,35.91866964089737,32.57292854353009,34.3730272771234,1.5885170255058148
N02BE,5,1120,30,SARIMA,20.294700734896846,22.996540530813107,97.28135452222106,60.36025596967212,72.77324998842441,1.6594030121319585
N02BE,6,1150,30,SARIMA,6.386024183649726,8.78140853062027,31.501037767114536,29.586040563967998,31.222412892681202,0.521600140673428
N02BE,7,1180,30,SARIMA,6.138703835619849,7.892931562634116,31.336484376812123,36.53519908785205,33.36252084576005,0.5061821606582892
N02BE,8,1210,30,SARIMA,5.725736308083142,7.340127766200745,80.52280874192355,36.240075568056454,35.145184499743074,0.4761630623082641
N02BE,9,1240,30,SARIMA,5.958220223702699,6.824910423957762,43.41865972600252,35.03624123547093,33.95706732861205,0.5011993829218464
N02BE,10,1270,30,SARIMA,3.2742673965962004,4.416249658230844,27.178922727415916,21.42629014196516,20.85077943066992,0.2776716248498998
N02BE,11,1300,30,SARIMA,5.044127724291097,7.424044177425054,29.267983875787113,28.47646040322129,30.17424361490188,0.4336090602913549
N02BE,12,1330,30,SARIMA,5.500822612221171,7.399877389425664,21.658724637864825,22.985220141258004,23.558126818934348,0.47743084090660093
N02BE,13,1360,30,SARIMA,15.26046137278015,18.97983838035176,33.91171327209596,44.73534491139928,38.58361140983562,1.3323888433211668
N02BE,14,1390,30,SARIMA,13.198275250984487,15.97325671479804,71.58059942527984,41.10852621836341,44.33662813163144,1.14521851595287
N02BE,15,1420,30,SARIMA,7.129985053227774,9.254120039311564,20.60328623789044,27.4423479550162,23.530035410284068,0.6178303184536077
N02BE,16,1450,30,SARIMA,13.67459385709838,18.186054285873862,29.20910724306049,45.06193087349702,38.40081397287772,1.1863335892967024
N02BE,17,1480,30,SARIMA,14.023788288735258,17.05748442165872,28.395488923516105,32.25691769591813,30.269085284684046,1.200995704684121
N02BE,18,1510,30,SARIMA,18.532072456113138,20.301283869104175,71.77155047587429,48.42908967571706,56.41141878114575,1.5827506105444062
N02BE,19,1540,30,SARIMA,8.13380194467921,11.094237462866928,31.668898390098455,30.701438538162,27.60383742959462,0.6908528870899577
N02BE,20,1570,30,SARIMA,8.47000947660061,10.133581358682681,47.448139352189486,36.99631752637927,36.65882577887559,0.7189560516540041
N02BE,21,1600,30,SARIMA,5.909604285069065,8.076726120710346,39.65201093586633,29.97933221619842,30.627381391207116,0.5006260973472738
N02BE,22,1630,30,SARIMA,6.848972392017415,8.595191796673108,32.283103002175736,33.929601405797655,32.348485888988286,0.5848605250438863
N02BE,23,1660,30,SARIMA,6.752313132059572,8.24886804549064,43.076874843724774,33.88609907861401,32.733832434625405,0.5795245539337825
N02BE,24,1690,30,SARIMA,10.846837260348458,14.473775538976476,30.13854207492136,35.30521102168775,35.01803796722666,0.9353091133606111
N02BE,25,1720,30,SARIMA,10.647270910950693,12.298264351349813,30.921316684158523,29.00714337534528,28.325697534236394,0.9152310952740315
N02BE,26,1750,30,SARIMA,10.335907672606675,12.38618277781445,42.77884344431877,30.27941538473305,28.850431967453673,0.8860262510541542
N02BE,27,1780,30,SARIMA,11.821943010978922,14.909154401088637,31.582678450079122,39.605906122471794,35.4977770322658,1.01005707980911
N02BE,28,1810,30,SARIMA,16.379134739497097,20.236005322232753,25.996586619231422,48.03776956432193,37.3299431880964,1.3898944478532265
N02BE,29,1840,30,SARIMA,14.829566021546848,18.864176481165607,30.467687643496173,28.054676239250902,28.277996967218773,1.243732811621962
N02BE,30,1870,30,SARIMA,15.735481260124185,18.725542997209246,76.21992173979034,45.7226353381445,51.1023876067348,1.312405237549241
N02BE,31,1900,30,SARIMA,11.446770786477991,13.354971292047084,67.5971943450228,44.21954598393468,46.903383677434924,0.9547726301782219
N02BE,32,1930,30,SARIMA,10.345197349782326,13.215911552455466,35.82974330148873,54.83654473927682,45.86314770111863,0.8656624243094062
N02BE,33,1960,30,SARIMA,5.089724154885528,6.055320955438087,25.398376612014523,23.339669827233926,22.979752739293716,0.4255011871033161
N02BE,34,1990,30,SARIMA,4.791141103665018,6.33126336110628,23.711068035163823,23.360555431276744,24.195645671231468,0.4028741764891414
N02BE,35,2020,30,SARIMA,6.558084897992063,8.03019139519687,46.09432321441751,35.42572479727935,34.68204079851252,0.5551335127936052
N02BE,36,2050,30,SARIMA,5.5447379015172125,7.455228792126673,29.569177483819324,29.141908512243493,29.000686398674357,0.4713382887705994
N05B,1,1000,30,Naive,11.461111111000001,13.217868096959874,394.8432488511648,99.80124418870008,132.3284156514731,2.0703808137571404
N05B,2,1030,30,Naive,6.338888889,7.3643913028366645,157.93116763646066,78.58743136813958,76.62860980555234,1.1237320933666517
N05B,3,1060,30,Naive,5.011111111000001,6.379074587140073,127.8223084104053,71.58922622644093,69.49152542325872,0.8831789778881203
N05B,4,1090,30,Naive,7.6111111109,8.973159565525691,51.05757517840336,75.32724887205798,58.19881053458433,1.3319956907819757
N05B,5,1120,30,Naive,11.038888889533332,12.276577367391004,377.79519229615244,95.47558993827292,140.12693937084254,1.9390719942292618
N05B,6,1150,30,Naive,5.504166666666666,5.988226295545841,187.41530049846483,80.42288293062286,100.1516300227445,0.9695521793921699
N05B,7,1180,30,Naive,2.7666666666666666,3.5260932110954375,81.7405582922824,63.73078773078774,57.24137931034483,0.49142669661912436
N05B,8,1210,30,Naive,2.0,2.780887148615228,34.57431457431457,47.054131054131055,41.66666666666667,0.3578315940832765
N05B,9,1240,30,Naive,2.5,3.5449494589721118,44.508547008547005,51.78771228771228,49.01960784313725,0.4519242516830384
N05B,10,1270,30,Naive,3.4,4.123105625617661,92.93891293891295,50.77364282317842,51.515151515151516,0.6192218029795443
N05B,11,1300,30,Naive,3.4,4.328202090167848,65.85840183208603,49.803462309963855,45.535714285714285,0.6233239596421538
N05B,12,1330,30,Naive,2.9,3.7903385952532878,50.368546486193544,36.794104920420715,36.40167364016737,0.5344461727799731
N05B,13,1360,30,Naive,5.566666666666666,6.862943974709396,65.10946907498632,106.3545994594588,74.88789237668162,1.030351809213448
N05B,14,1390,30,Naive,3.6,4.123105625617661,128.4848484848485,59.23304169743797,59.34065934065934,0.6700190647121294
N05B,15,1420,30,Naive,3.3333333333333335,4.6833036772489285,57.511071304174756,54.649114101126486,49.504950495049506,0.6228648255532585
N05B,16,1450,30,Naive,3.9,4.679743582719036,53.08770361291369,65.41996130231425,53.91705069124424,0.7308859499168288
N05B,17,1480,30,Naive,7.266666666666667,8.270429251254134,72.88290141231319,118.82131868819175,78.41726618705036,1.3668787911118057
N05B,18,1510,30,Naive,6.4,9.143303560529969,43.192754594311886,61.97913989090459,55.172413793103445,1.2063457559171165
N05B,19,1540,30,Naive,7.433333333333334,10.332795684937677,55.46142906880619,83.89641246732825,67.78115501519757,1.3910561331487672
N05B,20,1570,30,Naive,2.7333333333333334,3.4641016151377544,39.83018896812,34.91255868762935,32.53968253968254,0.5064348513314991
N05B,21,1600,30,Naive,3.2333333333333334,4.4234225060089685,50.11898395721926,42.40797707549626,38.95582329317269,0.6030676163561571
N05B,22,1630,30,Naive,3.2333333333333334,4.119061381755152,35.58873370638077,34.933411479164604,33.33333333333333,0.6052128784271386
N05B,23,1660,30,Naive,6.033333333333333,6.882344561751226,118.83909608909606,60.72797928521118,73.27935222672065,1.1316564858127613
N05B,24,1690,30,Naive,3.7,4.969909455915671,41.04640729640729,48.823595664691375,45.30612244897959,0.696478702585475
N05B,25,1720,30,Naive,3.1,3.8427420765212266,46.43023643023642,34.49796579733314,33.57400722021661,0.5854258153452688
N05B,26,1750,30,Naive,4.073333333333333,5.345527725741086,42.4251516324687,52.01815451714496,46.605644546147985,0.7722371879741731
N05B,27,1780,30,Naive,3.8,4.725815626252608,49.8060273060273,57.87725862029268,49.137931034482754,0.7232203238251255
N05B,28,1810,30,Naive,6.573333333333333,8.177693236277984,61.83840501450564,105.32241071766761,73.25408618127786,1.2498078984894625
N05B,29,1840,30,Naive,2.1933333333333334,2.9191322911669033,36.73416928599855,26.211996343589693,23.823316437364227,0.41584258777410954
N05B,30,1870,30,Naive,3.8400000000000003,4.939095733701329,63.90866241601536,43.39842808863492,40.111420612813376,0.730929116591813
N05B,31,1900,30,Naive,3.186666666666667,3.798947222586805,41.52253347225462,34.7321568656222,32.42876526458616,0.6056809320318354
N05B,32,1930,30,Naive,7.666666666666667,9.132360045464699,180.2289241668941,68.97932470700032,80.98591549295774,1.465939259762096
N05B,33,1960,30,Naive,2.953333333333333,3.7300580871259004,76.754551611109,45.37250455656029,40.67952249770431,0.5626503477656313
N05B,34,1990,30,Naive,4.92,5.816986619662566,62.81746074329195,96.44945645943507,71.7898832684825,0.9416033174346441
N05B,35,2020,30,Naive,5.333333333333333,6.491019437140312,55.536343773185884,82.54628704628703,64.0,1.0275027994138277
N05B,36,2050,30,Naive,4.913333333333332,6.000777727372789,59.22688454539243,80.78065136557264,63.15338474721508,0.9491393901232299
N05B,1,1000,30,Seasonal Naive,6.261111111000001,9.153070724915016,116.51286164577756,71.83801550836277,72.28992944159448,1.1310320780831364
N05B,2,1030,30,Seasonal Naive,7.1388888889999995,8.356689491736324,128.73184297906147,96.15213773160754,86.29952988601343,1.2655527957697732
N05B,3,1060,30,Seasonal Naive,6.544444444333334,8.820640775909062,140.97779187646933,105.44463419845252,90.7550077040178,1.153419995518415
N05B,4,1090,30,Seasonal Naive,8.9111111109,10.329345108462517,63.61097906427708,105.70872504174065,68.13933729770147,1.559504443812361
N05B,5,1120,30,Seasonal Naive,9.722222221533336,11.273699316552532,356.0569293832244,90.4796565076026,123.41325811136528,1.7077886207663115
N05B,6,1150,30,Seasonal Naive,4.5375,5.611790044183763,108.1860110815486,77.57893149145897,82.56254738438211,0.799275036607171
N05B,7,1180,30,Seasonal Naive,3.066666666666667,3.7682887362833544,104.04351395730707,67.42504880740175,63.44827586206897,0.5447139287826439
N05B,8,1210,30,Seasonal Naive,3.6666666666666665,4.47213595499958,76.04978354978356,70.65045412104236,76.38888888888889,0.6560245891526736
N05B,9,1240,30,Seasonal Naive,3.433333333333333,4.151305015694864,98.37749287749288,59.52679237973355,67.3202614379085,0.6206426389780394
N05B,10,1270,30,Seasonal Naive,4.166666666666667,5.275730597114805,74.76647426647428,79.49176749176749,63.13131313131313,0.7588502487494416
N05B,11,1300,30,Seasonal Naive,3.533333333333333,4.226897995772629,58.9231280415491,52.276820129761305,47.32142857142857,0.6477680364908658
N05B,12,1330,30,Seasonal Naive,3.7,4.8955762343841265,52.72140278022631,52.851943263707966,46.44351464435147,0.6818795997537589
N05B,13,1360,30,Seasonal Naive,3.8,5.215361924162119,60.00547345374932,58.567878791663965,51.12107623318386,0.703353929642713
N05B,14,1390,30,Seasonal Naive,5.066666666666666,5.972157622389639,179.38936988936987,69.2370379729564,83.51648351648352,0.9429897947800338
N05B,15,1420,30,Seasonal Naive,3.9,5.294651389216606,67.99062049062049,66.43957349839702,57.920792079207914,0.7287518458973125
N05B,16,1450,30,Seasonal Naive,4.9,5.84522597225006,75.77298809966877,88.71547521890773,67.74193548387096,0.9182926037416567
N05B,17,1480,30,Seasonal Naive,4.6,5.385164807134504,50.214750391220974,66.74241522817235,49.64028776978417,0.8652718952909595
N05B,18,1510,30,Seasonal Naive,6.1,7.735200923914862,57.67554531736958,64.76785188417142,52.58620689655172,1.1497982986085016
N05B,19,1540,30,Seasonal Naive,6.666666666666667,8.809086218218097,75.25454901341024,67.50675154452243,60.790273556231,1.247583975918177
N05B,20,1570,30,Seasonal Naive,4.166666666666667,4.949747468305833,47.7327748879473,64.78553512764039,49.60317460317461,0.7720043465419194
N05B,21,1600,30,Seasonal Naive,3.4,4.892170615721955,66.24460642842995,40.927520959719104,40.963855421686745,0.6341535759621445
N05B,22,1630,30,Seasonal Naive,5.166666666666667,6.498717822257967,60.2471450118509,69.26283924766898,53.264604810996566,0.9670927438784173
N05B,23,1660,30,Seasonal Naive,4.2,5.247221486971303,61.94405594405594,45.427267119908585,51.012145748987855,0.7877829680243533
N05B,24,1690,30,Seasonal Naive,3.533333333333333,4.43471156521669,53.155918155918144,42.35747269896908,43.26530612244898,0.6651057880545976
N05B,25,1720,30,Seasonal Naive,4.8,5.887840577551898,60.69432419432419,48.70619623969183,51.985559566786996,0.9064657785991259
N05B,26,1750,30,Seasonal Naive,4.373333333333333,5.5971421279077775,67.94060523938572,49.33280550136931,50.038138825324175,0.8291122672848732
N05B,27,1780,30,Seasonal Naive,5.5,6.600505031182589,111.17939600082455,71.29875507610942,71.12068965517241,1.0467662581679449
N05B,28,1810,30,Seasonal Naive,5.973333333333333,7.324479503691713,54.449156131546076,77.87384768260621,66.56760772659732,1.1357280700269354
N05B,29,1840,30,Seasonal Naive,6.22,8.394839684790492,95.22827425510353,53.082372096131635,67.55973931933381,1.179273964721107
N05B,30,1870,30,Seasonal Naive,4.006666666666666,5.061620293937506,68.49968870998282,44.4682689750459,41.85236768802228,0.7626534706105548
N05B,31,1900,30,Seasonal Naive,2.966666666666667,3.6439904866322945,34.38417611101682,32.15064339724021,30.189959294436907,0.5638661396530685
N05B,32,1930,30,Seasonal Naive,5.433333333333334,6.746357041643537,109.38851409782413,62.75673522559727,57.3943661971831,1.038904779744442
N05B,33,1960,30,Seasonal Naive,4.493333333333334,5.357860269423482,124.32025821779922,63.40544246561226,61.89164370982553,0.8560413868939855
N05B,34,1990,30,Seasonal Naive,3.94,4.846029302428948,111.44974999898274,68.08417436480902,57.49027237354086,0.7540481851001012
N05B,35,2020,30,Seasonal Naive,3.5599999999999996,4.422367390135439,51.55532966059282,43.188846848402555,42.71999999999999,0.6858581186087299
N05B,36,2050,30,Seasonal Naive,3.3466666666666667,4.689278551476051,78.41916742060214,43.78132069050347,43.01628106255356,0.646496572377017
N05B,1,1000,30,Moving Average,6.461111111,10.261082535708873,181.3203117803849,74.76420742472517,74.59910198812828,1.1671608756090595
N05B,2,1030,30,Moving Average,5.4722222223333326,7.271010424645002,104.04388083758592,73.3370481744702,66.15177971838614,0.9700929990966036
N05B,3,1060,30,Moving Average,4.230158730047618,6.215596163809358,82.09556567156831,67.23015553780208,58.66167730510813,0.7455406956167897
N05B,4,1090,30,Moving Average,8.60158730137619,9.899570334850903,59.06631291125264,90.70779999730595,65.77254521124502,1.5053356930908406
N05B,5,1120,30,Moving Average,9.431746031342858,10.777709983476496,334.49018275318826,89.46197991485373,119.7259721989137,1.6567640791638658
N05B,6,1150,30,Moving Average,3.6565476190476196,4.333014035201329,118.87712451751862,64.5732919038191,66.53308783710604,0.6440963596848817
N05B,7,1180,30,Moving Average,2.9476190476190482,3.440158990155981,108.64180154820548,65.6917346290714,60.985221674876854,0.5235682017336284
N05B,8,1210,30,Moving Average,2.466666666666667,2.9211869733608857,59.004329004329016,52.78473813767931,51.388888888888886,0.44132563270270775
N05B,9,1240,30,Moving Average,2.9476190476190474,3.280637900472042,97.01119251119249,55.120095984592396,57.79645191409897,0.5328402129367633
N05B,10,1270,30,Moving Average,3.2095238095238097,4.591029407486753,51.23792345220918,52.14290088677971,48.62914862914863,0.5845315058938556
N05B,11,1300,30,Moving Average,3.3904761904761904,4.281903067276398,67.26772885983414,49.627744680838354,45.408163265306115,0.6215779541529601
N05B,12,1330,30,Moving Average,2.8714285714285714,4.206166512953794,38.930950235572084,36.78640267016735,36.043036461446505,0.5291806932451951
N05B,13,1360,30,Moving Average,3.0142857142857147,4.280393522502691,47.82273829071859,44.57949250807636,40.55092889173608,0.5579236058444078
N05B,14,1390,30,Moving Average,4.914285714285713,5.682291384129263,183.3780663780664,69.42371976598287,81.00470957613813,0.9146291994483032
N05B,15,1420,30,Moving Average,3.323809523809524,4.6323323932291975,58.85867826754526,54.415173462976405,49.36350777934937,0.6210852117659635
N05B,16,1450,30,Moving Average,3.7857142857142856,4.49103415207478,54.576853718510385,62.979683207164115,52.33706385780118,0.7094680466225627
N05B,17,1480,30,Moving Average,3.6571428571428575,4.863161537112911,38.31408787291141,41.6323614987456,39.4655704008222,0.6879180285543034
N05B,18,1510,30,Moving Average,5.6952380952380945,8.206020686679024,42.162676033643784,52.727152941702236,49.09688013136289,1.0735041101762435
N05B,19,1540,30,Moving Average,5.5095238095238095,8.088246280322853,55.28082322122757,54.02827919984586,50.23881893182804,1.0310390429552363
N05B,20,1570,30,Moving Average,3.047619047619047,3.729638599332736,32.34239761333358,42.0789115117992,36.28117913832199,0.5646660363278038
N05B,21,1600,30,Moving Average,2.8238095238095235,3.780634507448659,61.754445717681016,35.65329989635554,34.02180149168101,0.5266849727528735
N05B,22,1630,30,Moving Average,3.6333333333333333,4.622409184253019,36.14014199308317,39.965910434021886,37.45704467353952,0.680084574727403
N05B,23,1660,30,Moving Average,3.576190476190477,4.092551721339235,66.9120423227566,43.64189641185325,43.435511856564496,0.6707766541794664
N05B,24,1690,30,Moving Average,3.280952380952381,3.83937707532493,54.6335582407011,40.99873575403608,40.17492711370262,0.6175982317649835
N05B,25,1720,30,Moving Average,3.0428571428571427,3.780634507448659,43.8689405832263,34.03478373885156,32.95513151108819,0.5746345560762316
N05B,26,1750,30,Moving Average,3.002857142857143,3.8230201403075657,45.819921464520775,35.21592843935844,34.35763321346846,0.5692924605290082
N05B,27,1780,30,Moving Average,4.342857142857143,5.083653943274069,87.27680482782525,58.728270035387276,56.157635467980306,0.8265375129430007
N05B,28,1810,30,Moving Average,4.363809523809524,5.834553419537967,39.80861323628619,57.78702412581676,48.630863935470174,0.8297044031988868
N05B,29,1840,30,Moving Average,4.153333333333335,4.919142118670031,72.38909183795947,41.18038590074409,45.11223750905144,0.787446602380761
N05B,30,1870,30,Moving Average,3.940952380952382,4.942031310037175,73.32322905852318,43.90966045707081,41.16593712693992,0.7501450110260225
N05B,31,1900,30,Moving Average,3.1485714285714286,3.7471658224156923,42.41742871476007,34.277126303300754,32.041093235123085,0.5984402753428714
N05B,32,1930,30,Moving Average,4.253333333333333,5.585696017507576,105.05105732637799,52.10728933150139,44.92957746478873,0.8132776067201888
N05B,33,1960,30,Moving Average,2.981904761904761,3.824286870519419,89.64304983333083,44.79402936894461,41.07306834579561,0.5680935952448214
N05B,34,1990,30,Moving Average,2.6628571428571424,3.219675903747156,79.35941195166623,43.435334568184395,38.854919399666485,0.5096250243026064
N05B,35,2020,30,Moving Average,3.0438095238095237,3.761133133641987,43.075983109065824,37.80432102132355,36.52571428571429,0.5864105262368916
N05B,36,2050,30,Moving Average,2.9857142857142858,3.713124360563056,71.22232485011743,40.09828865727798,38.37679030481087,0.576769138987464
N05B,1,1000,30,ETS,6.828692510635273,10.10965714975304,203.66311368486868,76.84278259422629,78.84314637139947,1.2335622454176507
N05B,2,1030,30,ETS,5.399377115261321,6.601099183736291,130.37707024406905,71.46688789542132,65.27118070745357,0.9571793187821245
N05B,3,1060,30,ETS,4.58365901740471,6.459511169415754,98.77234960722767,70.31037024660374,63.56383845497383,0.8078430504350388
N05B,4,1090,30,ETS,6.911533198172832,8.249314013974843,46.634714193386024,68.21912865228677,52.849446715853546,1.20956484572647
N05B,5,1120,30,ETS,7.621854242572554,8.882608293160175,261.5707591017395,82.37674735623328,96.7513232563675,1.338841640111364
N05B,6,1150,30,ETS,2.8882522552544376,3.7088309237454253,82.48130382532949,54.40025520897822,52.55349061873124,0.5087620775866083
N05B,7,1180,30,ETS,3.2356849264854377,3.6103263130034664,114.87792999746283,72.67244060385072,66.94520537556077,0.5747356462854336
N05B,8,1210,30,ETS,2.2697821837157774,2.7574314059430773,51.11772459955136,51.86506072855275,47.28712882741203,0.4060998885104185
N05B,9,1240,30,ETS,2.2399852002066947,2.838723602540677,58.3030627062962,43.28663714464903,43.92127843542538,0.40492145415379655
N05B,10,1270,30,ETS,3.0290599128759315,4.238869509128107,58.861733909302735,51.10283465061144,45.89484716478684,0.5516646884070869
N05B,11,1300,30,ETS,3.3853154703930253,4.20409893736978,69.24023598226856,50.55618710412683,45.33904647847802,0.6206318363656533
N05B,12,1330,30,ETS,3.2233238722520543,4.132199389629053,51.15102638322344,41.88973290623095,40.46013228768269,0.5940321059156667
N05B,13,1360,30,ETS,3.0418342150627002,4.115939592275148,51.70721707103228,44.80824410676314,40.92153652550718,0.5630226443384231
N05B,14,1390,30,ETS,3.8394867562202606,4.384582910308824,136.40266796873243,61.22735635802883,63.2882432343999,0.7145914792714739
N05B,15,1420,30,ETS,3.5236218914150563,4.514281024456399,71.37391063344631,56.34958974222669,52.331018189332525,0.6584220404135646
N05B,16,1450,30,ETS,3.2469112657571233,3.847590972417301,50.29140119301463,55.32585657999962,44.888174180974055,0.6084927755816789
N05B,17,1480,30,ETS,3.3903800331441514,4.600993727113208,34.25995931048436,38.852011077820734,36.5868348900448,0.6377392515294057
N05B,18,1510,30,ETS,5.4374672739380765,7.504105792500996,45.59919784865705,50.879655229459644,46.874717878776515,1.0249164951333456
N05B,19,1540,30,ETS,5.291904755402361,7.462788095810367,64.33952994146938,51.953619631873806,48.25445065716439,0.9903143362387777
N05B,20,1570,30,ETS,2.5493058495638445,3.1880340755666587,31.04539894193636,33.15922022034515,30.34887916147434,0.4723380471667268
N05B,21,1600,30,ETS,3.1091303466226945,3.9983555471387398,70.7270990762226,38.47927504518422,37.45940176653849,0.5799018021891775
N05B,22,1630,30,ETS,3.4274446960094362,4.174026476130936,39.041828364422045,37.4997349121931,35.334481402159135,0.6415464959139278
N05B,23,1660,30,ETS,3.604454883997509,4.253167629736488,70.11346409455624,43.19546899018218,43.77880425907906,0.6760781349108176
N05B,24,1690,30,ETS,2.969138102701301,3.5100155861854807,47.2990124123784,37.46141021683299,36.35679309430164,0.5589030955585137
N05B,25,1720,30,ETS,3.1135832420541947,3.783496776816947,42.621769103757885,35.536929737927494,33.72111814499127,0.5879909703628847
N05B,26,1750,30,ETS,3.27680954318933,3.91535924729389,51.38135569534047,38.00881808862336,37.492100036491195,0.6212293421831743
N05B,27,1780,30,ETS,3.5547851333854714,4.2265204302792645,67.39097261015779,52.332897287622224,45.96704913860523,0.6765507513936271
N05B,28,1810,30,ETS,4.3534069871216134,5.820957814915692,38.191474130812395,56.24516198589178,48.51493670640728,0.8277265371973336
N05B,29,1840,30,ETS,2.314341280844741,3.164032581439418,42.115749512208176,27.226917202728306,25.137667786148526,0.43878495465908407
N05B,30,1870,30,ETS,3.8479507494058756,4.886541186761087,63.96053092502867,43.41698238077803,40.194471616356644,0.7324425109250108
N05B,31,1900,30,ETS,2.6622485062438375,3.2152895956297014,34.81834279755571,29.33400045144176,27.092081135452894,0.5060062206784923
N05B,32,1930,30,ETS,4.018996954623112,4.963485273921888,90.20245357192334,52.53745247573611,42.454193182638505,0.7684702722582158
N05B,33,1960,30,ETS,3.242537797311311,4.094368909939059,100.18376289641593,46.834968647513634,44.66305505938445,0.6177477491987856
N05B,34,1990,30,ETS,2.1982697536244435,2.7148373734750755,51.23635979253186,37.251243752500024,32.075920529539545,0.42071099443679144
N05B,35,2020,30,ETS,2.9263579310399717,3.794387769167409,36.45675758245718,36.242092478874724,35.11629517247966,0.5637826811682052
N05B,36,2050,30,ETS,2.9260935341512626,3.6443061699734844,65.68367046954437,39.531918056965324,37.610456737162764,0.5652518247858594
N05B,1,1000,30,SARIMA,6.86075733751376,10.107609023395298,205.15683045679256,77.36077863805698,79.21336246108527,1.2393545636076337
N05B,2,1030,30,SARIMA,5.481233765603326,6.577329544722394,132.8082067619566,72.404339639919,66.26071711184329,0.9716905283419619
N05B,3,1060,30,SARIMA,4.605045619888737,6.5763263374548755,103.7668489637016,68.41570369601216,63.86041691777694,0.8116123138386941
N05B,4,1090,30,SARIMA,6.814364504302309,8.159067890307268,45.47438468702503,65.97697077199534,52.10644056050195,1.192559670052567
N05B,5,1120,30,SARIMA,7.302815095574723,8.544107195082427,257.37149529350336,80.99440443977322,92.7014610233416,1.2827997792685706
N05B,6,1150,30,SARIMA,3.3954999671680683,4.0718598131049815,106.6659236391931,61.192038000400764,61.78316847007858,0.5981131373130372
N05B,7,1180,30,SARIMA,3.1191287829433665,3.5115594010157336,107.31465015437661,69.87590366015328,64.53369895744898,0.5540324653487307
N05B,8,1210,30,SARIMA,2.0927907909718524,2.6374925534268394,43.05749372909551,49.448240469411466,43.59980814524692,0.37443333240812954
N05B,9,1240,30,SARIMA,2.0537269153189346,2.7695441606369733,51.25997324158362,40.95260270419986,40.269155202332044,0.3712515997467297
N05B,10,1270,30,SARIMA,2.927745157450003,4.225272715806632,55.14659794606788,47.112164178457505,44.359775112878836,0.5332128338414178
N05B,11,1300,30,SARIMA,3.3102841704818586,4.153519231967294,66.81963888109091,48.756188845721695,44.33416299752489,0.6068763049074984
N05B,12,1330,30,SARIMA,2.989589680705655,3.9948492496814074,48.46336186710914,38.155088801563345,37.526230301744626,0.5509568148398756
N05B,13,1360,30,SARIMA,2.995129753787037,4.1866958134015935,53.26743700518883,43.619940833696305,40.29322538726955,0.5543779689778747
N05B,14,1390,30,SARIMA,3.687368003107225,4.194518969911861,131.2099347478772,60.04680115325638,60.7807912600092,0.6862796835253707
N05B,15,1420,30,SARIMA,3.4254994470581375,4.439464000471761,71.06765068817388,55.00161326089612,50.873754164229766,0.6400869346573951
N05B,16,1450,30,SARIMA,3.4063598883268953,3.9745403245549284,54.333280223153956,57.01779307652277,47.09253301834417,0.6383745083944579
N05B,17,1480,30,SARIMA,3.3967973561165263,4.568067376260883,35.243083628505076,38.60137445887567,36.656086576797044,0.6389463665752755
N05B,18,1510,30,SARIMA,5.3259343915060215,7.528285305181981,44.30483784162227,49.07380270238283,45.91322751298294,1.0038934921072342
N05B,19,1540,30,SARIMA,5.463372638271787,7.464935319117741,69.8453892416101,52.95723857772783,49.81798758302541,1.0224024236966545
N05B,20,1570,30,SARIMA,2.6722770460521676,3.439746820408999,37.15339271954536,33.92337846776408,31.812821976811524,0.4951222787319538
N05B,21,1600,30,SARIMA,3.004586750867446,3.916412767075412,69.59795030333619,37.15750403981761,36.19984037189694,0.5604027742209036
N05B,22,1630,30,SARIMA,3.3041400879698624,4.04076882251126,37.96283792525404,35.84181442534131,34.06329987597797,0.6184664330000224
N05B,23,1660,30,SARIMA,3.5278121312275488,4.126604972033284,68.40707023399682,42.776895983704996,42.84792062219695,0.6617024550882756
N05B,24,1690,30,SARIMA,3.0611845256202073,3.5577905707908206,50.273769234319566,38.6416974317745,37.48389215045152,0.5762296829131607
N05B,25,1720,30,SARIMA,3.015129985125936,3.7144982614799216,40.57069168193211,34.29014344732039,32.6548373840354,0.5693983644884901
N05B,26,1750,30,SARIMA,3.1950540043960896,3.851252346357838,50.925533074393115,37.1614530858486,36.556681972495305,0.605729833006659
N05B,27,1780,30,SARIMA,3.6633067291091117,4.285526085329054,68.52980998864655,53.554558840530234,47.37034563503162,0.6972047049729088
N05B,28,1810,30,SARIMA,4.29073251591294,5.759567502800969,38.310878522935134,55.41699742805607,47.8164842040818,0.8158100489898918
N05B,29,1840,30,SARIMA,2.2749791039252067,3.0369877136720174,39.7409892266155,26.984635821506796,24.710127848572125,0.43132212661471864
N05B,30,1870,30,SARIMA,3.8358365747990164,4.909692515960921,64.63885311989324,43.297488748122696,40.067930795254355,0.7301366247417737
N05B,31,1900,30,SARIMA,2.798685981880943,3.358746038402994,37.743221125738295,30.74697983801634,28.480522203673097,0.531938514844168
N05B,32,1930,30,SARIMA,4.046479960317311,5.009513845089905,90.79473922848713,52.601723770455635,42.74450662307018,0.7737252831743104
N05B,33,1960,30,SARIMA,3.298328254402745,4.21681290955351,104.88141055593958,47.13243538756392,45.43151865568519,0.6283765934711891
N05B,34,1990,30,SARIMA,2.2790891173444146,2.826792752846553,59.3070720080951,38.57034146448264,33.25519140093991,0.43617842959770237
N05B,35,2020,30,SARIMA,2.8968581508757683,3.8736051221836156,35.177128239270075,35.61499353353719,34.762297810509224,0.5580993486618031
N05B,36,2050,30,SARIMA,2.8314429844101294,3.5692691346131364,62.96853031018017,38.57142863635331,36.3938686942176,0.5469675849508268
N05C,1,1000,30,Naive,2.6333333333333333,2.7386127875258306,128.57142857142858,169.33333333333331,718.1818181818181,3.1743854324734446
N05C,2,1030,30,Naive,1.6333333333333333,1.798147194568157,37.66666666666667,145.52380952380952,196.0,1.9779816513761466
N05C,3,1060,30,Naive,2.5,2.689485700525908,71.42857142857143,162.66666666666666,500.0,2.995732574679943
N05C,4,1090,30,Naive,0.9583333333333334,1.335891642859915,100.0,200.0,100.0,1.1420907840440164
N05C,5,1120,30,Naive,1.6249999997666664,1.753501787173418,127.88461531861539,141.39107567502697,248.93617018125846,1.9295430295976592
N05C,6,1150,30,Naive,0.9,1.0488088481701516,17.857142857142858,159.55555555555554,245.45454545454547,1.0673007089760573
N05C,7,1180,30,Naive,0.23333333333333334,0.6055300708194983,100.0,200.0,100.0,0.2793332199357433
N05C,8,1210,30,Naive,0.6333333333333333,1.8708286933869707,100.0,200.0,100.0,0.7705039608977184
N05C,9,1240,30,Naive,0.4666666666666667,1.0645812948447542,100.0,200.0,100.0,0.5642098382095954
N05C,10,1270,30,Naive,1.0,1.0645812948447542,40.476190476190474,166.66666666666666,214.28571428571428,1.207649402391978
N05C,11,1300,30,Naive,0.26666666666666666,0.7745966692414834,100.0,200.0,100.0,0.32533417204003817
N05C,12,1330,30,Naive,0.43333333333333335,0.9128709291752769,100.0,200.0,100.0,0.5328892331532553
N05C,13,1360,30,Naive,0.9333333333333333,1.7126976771553504,100.0,200.0,100.0,1.155528442886876
N05C,14,1390,30,Naive,0.36666666666666664,0.983192080250175,100.0,200.0,100.0,0.44449963477042453
N05C,15,1420,30,Naive,0.3,0.752772652709081,100.0,200.0,100.0,0.3645406335105226
N05C,16,1450,30,Naive,0.36666666666666664,1.2780193008453875,100.0,200.0,100.0,0.4473157672260925
N05C,17,1480,30,Naive,0.13333333333333333,0.5773502691896257,100.0,200.0,100.0,0.16314550740707534
N05C,18,1510,30,Naive,1.2333333333333334,2.6012817353502227,100.0,200.0,100.0,1.5271454071141313
N05C,19,1540,30,Naive,0.9,2.105548226313834,100.0,200.0,100.0,1.0968861799402114
N05C,20,1570,30,Naive,0.4666666666666667,1.1547005383792515,100.0,200.0,100.0,0.5602867750613856
N05C,21,1600,30,Naive,0.9333333333333333,1.0327955589886444,26.190476190476186,162.22222222222223,233.33333333333334,1.123951115032001
N05C,22,1630,30,Naive,0.7,1.4259499757471625,100.0,200.0,100.0,0.8416594641322056
N05C,23,1660,30,Naive,0.7666666666666667,0.9486832980505138,20.238095238095237,119.99999999999997,109.52380952380953,0.9164517295416816
N05C,24,1690,30,Naive,0.7666666666666667,0.9128709291752769,11.666666666666666,138.88888888888889,176.9230769230769,0.9145658594220103
N05C,25,1720,30,Naive,0.9666666666666667,1.1972189997378648,27.40740740740741,152.22222222222223,170.58823529411765,1.1564893493201318
N05C,26,1750,30,Naive,0.8,1.3416407864998738,100.0,200.0,100.0,0.9545236737030961
N05C,27,1780,30,Naive,0.6,1.1254628677422756,100.0,200.0,100.0,0.7116512431715568
N05C,28,1810,30,Naive,0.9,1.6832508230603465,100.0,200.0,100.0,1.0655795118757276
N05C,29,1840,30,Naive,0.7,1.2780193008453875,100.0,200.0,100.0,0.8247027316557684
N05C,30,1870,30,Naive,0.6333333333333333,1.1690451944500122,100.0,200.0,100.0,0.7454354006534657
N05C,31,1900,30,Naive,0.43333333333333335,0.8366600265340756,100.0,200.0,100.0,0.5079781195173975
N05C,32,1930,30,Naive,1.3333333333333333,1.505545305418162,58.333333333333336,116.44444444444446,142.85714285714286,1.5654828533644576
N05C,33,1960,30,Naive,0.7333333333333333,1.3416407864998738,100.0,200.0,100.0,0.8546195922433453
N05C,34,1990,30,Naive,1.0333333333333334,1.2780193008453875,33.33333333333333,140.22222222222223,124.0,1.2005272922575536
N05C,35,2020,30,Naive,0.9,1.7224014243685084,100.0,200.0,100.0,1.0377279236284775
N05C,36,2050,30,Naive,0.6666666666666666,1.2110601416389966,100.0,200.0,100.0,0.7626691553902101
N05C,1,1000,30,Seasonal Naive,0.9666666666666667,1.559914527573012,85.71428571428571,157.7777777777778,263.6363636363636,1.1652807283763278
N05C,2,1030,30,Seasonal Naive,1.0333333333333334,1.66332999331662,86.66666666666666,181.25,124.0,1.2513761467889908
N05C,3,1060,30,Seasonal Naive,1.1666666666666667,1.888562063228706,76.1904761904762,155.23809523809524,233.33333333333334,1.3980085348506401
N05C,4,1090,30,Seasonal Naive,0.9472222222,1.2957819746635477,79.57894736801684,161.94850977398696,98.84057970782608,1.128849151738762
N05C,5,1120,30,Seasonal Naive,1.2555555555333333,1.5432049382631037,114.99999997369233,156.7304447878671,192.34042553178452,1.4908605974152787
N05C,6,1150,30,Seasonal Naive,0.36666666666666664,0.9128709291752769,42.857142857142854,127.27272727272727,100.0,0.4348262147680233
N05C,7,1180,30,Seasonal Naive,0.23333333333333334,0.6055300708194983,100.0,200.0,100.0,0.2793332199357433
N05C,8,1210,30,Seasonal Naive,0.7,1.888562063228706,83.33333333333334,177.77777777777777,110.5263157894737,0.8516096409922151
N05C,9,1240,30,Seasonal Naive,0.4666666666666667,1.0645812948447542,100.0,200.0,100.0,0.5642098382095954
N05C,10,1270,30,Seasonal Naive,0.5666666666666667,1.0165300454651272,71.42857142857143,164.1025641025641,121.42857142857142,0.6843346613554542
N05C,11,1300,30,Seasonal Naive,1.1,1.6020819787597222,125.0,193.75,412.5,1.3420034596651575
N05C,12,1330,30,Seasonal Naive,0.43333333333333335,0.9128709291752769,100.0,200.0,100.0,0.5328892331532553
N05C,13,1360,30,Seasonal Naive,1.2333333333333334,1.834847859269718,69.44444444444443,163.8095238095238,132.14285714285714,1.526948299529086
N05C,14,1390,30,Seasonal Naive,1.1,1.6832508230603465,100.0,200.0,300.0,1.3334989043112737
N05C,15,1420,30,Seasonal Naive,0.8,1.4375905768565218,100.0,200.0,266.66666666666663,0.9721083560280604
N05C,16,1450,30,Seasonal Naive,0.5333333333333333,1.3416407864998738,100.0,200.0,145.45454545454547,0.6506411159652256
N05C,17,1480,30,Seasonal Naive,0.4,0.9309493362512627,100.0,200.0,300.0,0.4894365222212261
N05C,18,1510,30,Seasonal Naive,1.2333333333333334,2.6012817353502227,100.0,200.0,100.0,1.5271454071141313
N05C,19,1540,30,Seasonal Naive,1.0333333333333334,2.105548226313834,94.44444444444444,188.88888888888886,114.81481481481481,1.2593878362276503
N05C,20,1570,30,Seasonal Naive,0.4666666666666667,1.1547005383792515,100.0,200.0,100.0,0.5602867750613856
N05C,21,1600,30,Seasonal Naive,1.0333333333333334,1.834847859269718,66.66666666666666,167.64705882352942,258.33333333333337,1.2443744487854298
N05C,22,1630,30,Seasonal Naive,0.7,1.4259499757471625,100.0,200.0,100.0,0.8416594641322056
N05C,23,1660,30,Seasonal Naive,0.7666666666666667,1.1105554165971787,97.61904761904762,194.11764705882354,109.52380952380953,0.9164517295416816
N05C,24,1690,30,Seasonal Naive,0.9666666666666667,1.378404875209022,75.0,160.63492063492063,223.0769230769231,1.1531482575321
N05C,25,1720,30,Seasonal Naive,0.7666666666666667,1.2516655570345725,81.11111111111111,158.33333333333331,135.29411764705884,0.9172156908401047
N05C,26,1750,30,Seasonal Naive,1.1333333333333333,1.591644851508443,97.43589743589745,176.66666666666666,141.66666666666669,1.352241871079386
N05C,27,1780,30,Seasonal Naive,0.9666666666666667,1.2780193008453875,90.9090909090909,173.66666666666669,161.11111111111111,1.1465492251097305
N05C,28,1810,30,Seasonal Naive,1.1,1.70293863659264,65.27777777777779,159.18367346938774,122.22222222222223,1.3023749589592228
N05C,29,1840,30,Seasonal Naive,1.2,1.6532795690182993,73.6111111111111,160.63492063492063,171.42857142857142,1.4137761114098886
N05C,30,1870,30,Seasonal Naive,1.0,1.570562531918633,118.18181818181819,185.71428571428572,157.89473684210526,1.1770032641896826
N05C,31,1900,30,Seasonal Naive,0.9333333333333333,1.3416407864998738,95.0,177.0,215.3846153846154,1.0941067189605485
N05C,32,1930,30,Seasonal Naive,1.2333333333333334,1.622754859285078,84.375,164.16666666666666,132.14285714285714,1.4480716393621234
N05C,33,1960,30,Seasonal Naive,0.8333333333333334,1.3038404810405297,68.75,143.1578947368421,113.63636363636364,0.9711586275492561
N05C,34,1990,30,Seasonal Naive,1.5666666666666667,2.2135943621178655,97.22222222222221,195.0,188.0,1.820154281809839
N05C,35,2020,30,Seasonal Naive,1.2666666666666666,2.0330600909302543,53.333333333333336,142.5,140.74074074074073,1.4605059665882276
N05C,36,2050,30,Seasonal Naive,1.4,2.0816659994661326,96.96969696969695,174.68671679197996,210.0,1.6016052263194411
N05C,1,1000,30,Moving Average,1.014285714285714,1.0807530758153565,29.25170068027211,161.7359804946012,276.6233766233766,1.2226837199219593
N05C,2,1030,30,Moving Average,0.9761904761904762,1.4269037885466236,78.07142857142857,176.91194780119176,117.14285714285715,1.182175622542595
N05C,3,1060,30,Moving Average,1.223809523809524,1.265179936652824,42.857142857142854,165.8985507246377,244.7619047619048,1.466482422271896
N05C,4,1090,30,Moving Average,0.8456349205904761,1.0709114713281143,61.91836733622175,134.8652478475503,88.2401656268323,1.0077827994492277
N05C,5,1120,30,Moving Average,1.1035714285190474,1.2081368594307018,71.41025637862856,137.91102453460624,169.05775075473167,1.310392958687888
N05C,6,1150,30,Moving Average,0.5190476190476192,0.8399060524074988,76.53061224489797,182.62962962962962,141.5584415584416,0.615533213113176
N05C,7,1180,30,Moving Average,0.23333333333333334,0.6055300708194983,100.0,200.0,100.0,0.2793332199357433
N05C,8,1210,30,Moving Average,0.7190476190476189,1.8274177908494065,92.1957671957672,194.35732323232324,113.53383458646616,0.8747826924477856
N05C,9,1240,30,Moving Average,0.4666666666666667,1.0645812948447542,100.0,200.0,100.0,0.5642098382095954
N05C,10,1270,30,Moving Average,0.619047619047619,0.938952955723142,82.99319727891155,186.75523349436395,132.6530612244898,0.7475924871950339
N05C,11,1300,30,Moving Average,0.8952380952380954,0.9367769320431428,50.0,182.8831908831909,335.7142857142858,1.0921932918486998
N05C,12,1330,30,Moving Average,0.43333333333333335,0.9128709291752769,100.0,200.0,100.0,0.5328892331532553
N05C,13,1360,30,Moving Average,1.0761904761904761,1.452654150729847,58.33333333333333,155.57661201558176,115.3061224489796,1.3323950412879282
N05C,14,1390,30,Moving Average,0.8428571428571431,0.9762485464725651,57.14285714285714,181.1965811965812,229.87012987012992,1.0217718877190283
N05C,15,1420,30,Moving Average,0.557142857142857,0.7022800573215536,65.47619047619047,179.98039215686273,185.71428571428567,0.677004033662399
N05C,16,1450,30,Moving Average,0.48095238095238085,1.2445800865499717,95.23809523809524,198.19497298567066,131.16883116883113,0.586738863504355
N05C,17,1480,30,Moving Average,0.3809523809523811,0.5820442510703817,80.95238095238095,195.87761674718195,285.71428571428584,0.4661300211630726
N05C,18,1510,30,Moving Average,1.2333333333333334,2.6012817353502227,100.0,200.0,100.0,1.5271454071141313
N05C,19,1540,30,Moving Average,1.014285714285714,2.0001700607970423,82.93650793650795,183.36734158173437,112.69841269841268,1.2361733139008728
N05C,20,1570,30,Moving Average,0.4666666666666667,1.1547005383792515,100.0,200.0,100.0,0.5602867750613856
N05C,21,1600,30,Moving Average,0.9333333333333333,1.0327955589886444,26.190476190476186,162.22222222222223,233.33333333333334,1.123951115032001
N05C,22,1630,30,Moving Average,0.7,1.4259499757471625,100.0,200.0,100.0,0.8416594641322056
N05C,23,1660,30,Moving Average,0.7095238095238094,1.058493345876726,88.60544217687077,181.12121212121215,101.36054421768708,0.8481447683336059
N05C,24,1690,30,Moving Average,0.7666666666666667,0.9128709291752769,11.666666666666666,138.88888888888889,176.9230769230769,0.9145658594220103
N05C,25,1720,30,Moving Average,0.7952380952380955,1.1160547617803156,58.51851851851851,166.33079513079514,140.33613445378154,0.9513976420515374
N05C,26,1750,30,Moving Average,0.8952380952380954,1.0804383086393734,51.46520146520146,145.8839406207827,111.90476190476193,1.0681574443820363
N05C,27,1780,30,Moving Average,0.7904761904761906,0.9590244476323128,44.805194805194795,149.9100314889789,131.74603174603175,0.9375722727498289
N05C,28,1810,30,Moving Average,1.042857142857143,1.434511460132578,55.35714285714285,153.5298283898508,115.87301587301589,1.234719116935367
N05C,29,1840,30,Moving Average,0.8714285714285716,1.0807530758153565,36.30952380952381,140.6442098206804,124.48979591836735,1.026670747571467
N05C,30,1870,30,Moving Average,0.7476190476190477,1.003734523266625,68.83116883116884,166.2941176470588,118.04511278195491,0.879950059418001
N05C,31,1900,30,Moving Average,0.6714285714285715,0.7688669992820826,36.9047619047619,149.48268106162845,154.94505494505498,0.7870869763950884
N05C,32,1930,30,Moving Average,0.8761904761904763,1.0652201075604142,39.28571428571429,122.91737891737891,93.87755102040816,1.0287458750680722
N05C,33,1960,30,Moving Average,0.8476190476190478,1.1350926720535464,59.52380952380953,155.72390572390574,115.58441558441561,0.9878070611643863
N05C,34,1990,30,Moving Average,0.9761904761904763,1.2726853071975264,52.38095238095237,151.42518300413036,117.14285714285715,1.1341386862340943
N05C,35,2020,30,Moving Average,1.185714285714286,1.4885047055697882,38.25396825396825,141.36733277711627,131.74603174603178,1.3671653597010103
N05C,36,2050,30,Moving Average,1.019047619047619,1.117577555177597,35.06493506493506,143.30895158481363,152.85714285714283,1.1657942803821784
N05C,1,1000,30,ETS,0.6306640996276607,0.7843157087655801,61.230958593173014,175.0048117234129,171.99929989845293,0.7602421255602635
N05C,2,1030,30,ETS,0.9608896223869247,1.4119819481380715,73.34763951328867,174.56085250197248,115.30675468643096,1.1636461482116884
N05C,3,1060,30,ETS,0.7703756435568591,0.9573536365287235,64.22452930228246,176.12125263519692,154.0751287113718,0.923135764057323
N05C,4,1090,30,ETS,0.8522063035468288,1.0442321651196365,58.04492869032831,128.54836043439522,88.92587515271256,1.0156142247496183
N05C,5,1120,30,ETS,0.7753534437608912,1.0189086802957903,47.77194399397833,140.2872676082695,118.77754883347743,0.9206632819065784
N05C,6,1150,30,ETS,0.7047166912883877,0.9173576645463065,43.85572446928029,168.3579038623969,192.19546126046936,0.8357162491548416
N05C,7,1180,30,ETS,0.5885592019495023,0.6404668599248343,56.778737691936364,180.17107638930602,252.2396579783581,0.7045891585858537
N05C,8,1210,30,ETS,0.8791542290026588,1.750108318843073,81.10622137860322,187.78492928089506,138.81382563199878,1.0695660247682028
N05C,9,1240,30,ETS,0.6927506798990828,0.9528964783234213,63.249703791939496,172.74794785674243,148.44657426408915,0.8375501764831044
N05C,10,1270,30,ETS,0.7244189474021787,0.9453284888301227,75.79403133197464,182.24269804416505,155.23263158618116,0.8748441089116669
N05C,11,1300,30,ETS,0.5743818584276003,0.7116989044562889,64.41994819225233,186.41855103984136,215.3931969103501,0.7007476737988566
N05C,12,1330,30,ETS,0.6315681059278696,0.8339432960513236,72.99384953506816,178.96238098397404,145.74648598335455,0.7766673315045147
N05C,13,1360,30,ETS,0.998838903844732,1.501356195928603,79.95864926084212,174.06401413179117,107.01845398336414,1.2366286749155755
N05C,14,1390,30,ETS,0.7017098804971017,0.8970929973829591,61.67960724727133,182.67339124403924,191.37542195375502,0.8506630516247999
N05C,15,1420,30,ETS,0.5693586868299112,0.7010120452442548,59.326260517530905,177.8603702180576,189.7862289433037,0.6918479213056503
N05C,16,1450,30,ETS,0.7004908694098402,1.23441703160354,85.70713629157636,195.16528177514186,191.04296438450186,0.8545653018680053
N05C,17,1480,30,ETS,0.48797942235215164,0.6415818809304393,71.21935511790707,194.29985046687264,365.9845667641137,0.5970873784788998
N05C,18,1510,30,ETS,1.2708832690962262,2.4434311150423573,82.42685311698435,179.4394197280436,103.04458938618049,1.573640714090671
N05C,19,1540,30,ETS,1.1184248323843107,1.8889685024107898,67.73118961479514,172.50499586588484,124.26942582047897,1.3630941577158864
N05C,20,1570,30,ETS,0.8240104829944149,1.0855612827043548,56.87353441455534,172.84478994695445,176.5736749273746,0.9893189488579617
N05C,21,1600,30,ETS,0.7732802415037662,0.9001978024493454,66.21149562844407,176.79767263549343,193.32006037594155,0.9312098460753997
N05C,22,1630,30,ETS,0.9620001640949523,1.2805549487081416,78.19366836072253,181.38194540874025,137.42859487070746,1.1566807751532164
N05C,23,1660,30,ETS,0.7394174725234403,0.9421143250576353,52.39207743803945,143.06693310975373,105.6310675033486,0.8838788107140595
N05C,24,1690,30,ETS,0.6117173599167706,0.7395113962631406,43.00332430591296,153.37030365079897,141.16554459617782,0.7297249734725797
N05C,25,1720,30,ETS,0.8294682132426777,1.139092889739151,64.80085715389241,170.17976856943352,146.37674351341371,0.9923494698773345
N05C,26,1750,30,ETS,0.8897122568896031,1.1491908106106588,61.09665161472335,154.6941891994932,111.2140321112004,1.061564264981171
N05C,27,1780,30,ETS,0.7416914347058946,0.9402712485723296,51.408924808530564,154.37079419872668,123.61523911764911,0.8797093859302425
N05C,28,1810,30,ETS,1.024535591174104,1.4383097945719077,62.68280081994945,159.36732142086512,113.8372879082338,1.2130268168251244
N05C,29,1840,30,ETS,0.8576054842516033,1.0843209328406507,53.446391993430865,151.1095199133746,122.51506917880046,1.0103851222075217
N05C,30,1870,30,ETS,0.7907543844236572,0.9737428238932975,48.36167318815351,152.39382625096502,124.85595543531429,0.9307204916389477
N05C,31,1900,30,ETS,0.6851396895574962,0.7750393154727995,48.096071021202896,155.60664517020376,158.10915912865295,0.8031599333265008
N05C,32,1930,30,ETS,0.8815145354685845,1.0848010636304752,58.080620764590904,138.82732308747535,94.44798594306263,1.034996917700703
N05C,33,1960,30,ETS,0.8638334494551059,1.1474564310454507,49.80749854622395,149.72110962087183,117.79547038024172,1.0067031686447523
N05C,34,1990,30,ETS,0.9447328410092765,1.2635753180040616,52.8934091952688,151.96085045586568,113.36794092111317,1.0975911866357926
N05C,35,2020,30,ETS,1.0567821493588145,1.4769976275177163,53.49019018872383,152.52264560049983,117.42023881764605,1.218502606201958
N05C,36,2050,30,ETS,0.8834790660026567,1.0203698797237961,49.75831516979971,152.72608538294833,132.5218599003985,1.0107033496097668
N05C,1,1000,30,SARIMA,0.6570422429231478,0.7718159699815436,58.52094832340619,173.38604585943972,179.19333897904033,0.7920399966284501
N05C,2,1030,30,SARIMA,0.9940857035141264,1.4128550653183045,75.33714650932569,174.67224259633832,119.29028442169516,1.2038469070079327
N05C,3,1060,30,SARIMA,0.8395920716445853,1.0027684959443737,63.796996110870886,176.23611809552122,167.91841432891707,1.0060773273874803
N05C,4,1090,30,SARIMA,0.8252897292883996,1.006035833684341,56.25610626823395,124.63071191059369,86.11718914313735,0.983536480681526
N05C,5,1120,30,SARIMA,0.7922743173204054,1.0123044652954882,49.20120772829272,139.95609793515314,121.36968265540457,0.9407553149134413
N05C,6,1150,30,SARIMA,0.7199980733352319,0.8877707993784812,44.49986828002459,167.88865912285792,196.3631109096087,0.853838282368987
N05C,7,1180,30,SARIMA,0.5992152826887975,0.6409587331877322,55.209628948363296,179.81051491657286,256.8065497237704,0.7173460043492934
N05C,8,1210,30,SARIMA,0.8890647860819951,1.7702987579423386,76.06969782277743,185.48715348807676,140.3786504339992,1.0816230618487264
N05C,9,1240,30,SARIMA,0.7009811116632496,0.959999124946326,61.45912907887532,171.52394828072414,150.21023821355348,0.8475009419989379
N05C,10,1270,30,SARIMA,0.727214831277269,0.9207524731596706,70.70406641077956,179.5468191223551,155.8317495594148,0.8782205564025771
N05C,11,1300,30,SARIMA,0.6265178168143603,0.7602874961805691,67.36440836147726,187.5741860129484,234.94418130538511,0.7643537070061208
N05C,12,1330,30,SARIMA,0.6250042350114741,0.8053723087548966,69.82241036486394,175.9558146191013,144.2317465411094,0.7685954481064647
N05C,13,1360,30,SARIMA,1.0277004303968582,1.5307206914709304,74.98694849036556,169.50260026289973,110.11076039966339,1.272361155097129
N05C,14,1390,30,SARIMA,0.7568412803858408,0.9395297243249636,66.44523041547494,184.07873380211691,206.41125828704747,0.9174972892109637
N05C,15,1420,30,SARIMA,0.6075262622783176,0.726461128116857,59.86216885906316,177.74165383945785,202.50875409277253,0.7382266950840595
N05C,16,1450,30,SARIMA,0.7111369563337463,1.2265158491730161,85.76958523508168,195.11011280462057,193.94644263647626,0.8675530178870673
N05C,17,1480,30,SARIMA,0.49135661209637443,0.6274772786625696,72.34358534943202,194.4705647481489,368.5174590722808,0.6012196784871338
N05C,18,1510,30,SARIMA,1.313835841865945,2.4682321882603517,84.09226607703559,180.83144455558224,106.52723042156312,1.6268257067087886
N05C,19,1540,30,SARIMA,1.1283630766752288,1.9240221107635045,66.40346970157124,171.95912471904924,125.37367518613654,1.3752065163998617
N05C,20,1570,30,SARIMA,0.8150870325988403,1.0714802730846433,55.408620447942205,172.54357209266874,174.66150698546576,0.9786053247624829
N05C,21,1600,30,SARIMA,0.7363025405671345,0.8769821813958832,54.82620693305503,172.12700295568294,184.07563514178364,0.886680065862135
N05C,22,1630,30,SARIMA,0.9532268316959693,1.2558091394362842,75.87344715647006,180.02695721714096,136.17526167085276,1.1461319776595282
N05C,23,1660,30,SARIMA,0.7402490317386958,0.907246260578703,54.21853006971313,142.97202451872286,105.74986167695654,0.8848728331675865
N05C,24,1690,30,SARIMA,0.6442275744306644,0.7446934390453299,44.3512604674453,153.31628583721928,148.66790179169178,0.7685067981815709
N05C,25,1720,30,SARIMA,0.7930822275451922,1.114569247495181,57.47428004979931,165.84027150413655,139.95568721385746,0.948818430301138
N05C,26,1750,30,SARIMA,0.8670465307107833,1.090931475192736,59.69252190829628,152.40553902998857,108.38081633884791,1.0345205497069765
N05C,27,1780,30,SARIMA,0.7715158205726124,0.9483365039171869,51.93744292825587,154.01283327495136,128.58597009543539,0.9150836547283723
N05C,28,1810,30,SARIMA,1.017393149117074,1.4426024277150813,60.76723506706424,157.365555393069,113.04368323523045,1.2045703280243125
N05C,29,1840,30,SARIMA,0.8365964156150649,1.0648795809061742,49.21215111747492,148.29994208708337,119.51377365929498,0.9856333560730979
N05C,30,1870,30,SARIMA,0.8165232371156114,0.9860151721254163,51.09646397736085,153.80960421403768,128.92472164983337,0.9610505153718009
N05C,31,1900,30,SARIMA,0.661729180629695,0.7582303180157207,41.17126270656738,151.59724092652326,152.70673399146807,0.7757167957062939
N05C,32,1930,30,SARIMA,0.8904891394926059,1.1124473099408072,55.36192048365483,137.00925372327566,95.40955065992206,1.045534109237209
N05C,33,1960,30,SARIMA,0.8691753044524764,1.1266027017495839,51.04123239608428,149.72514012695038,118.52390515261042,1.0129285149261285
N05C,34,1990,30,SARIMA,0.9772871057645279,1.279410765454344,53.90314175194229,152.43987306410355,117.27445269174335,1.1354127511371386
N05C,35,2020,30,SARIMA,1.052789059376672,1.4823717877238345,51.70756781245043,151.20843610795887,116.97656215296355,1.2138984495619243
N05C,36,2050,30,SARIMA,0.881643212390651,1.0228002935019014,47.51071956338669,151.6535113678993,132.24648185859763,1.008603126224234
R03,1,1000,30,Naive,5.8,7.554248252914824,73.62470570978975,131.1433634591529,87.0,1.1404752475247526
R03,2,1030,30,Naive,3.8333333333333335,4.78539444560216,88.44335011393835,90.85349508878922,71.42857142857143,0.7526871401151631
R03,3,1060,30,Naive,7.333333333333333,8.282511696339462,229.20632878826862,88.7979123960548,88.70967741935483,1.4350492473517933
R03,4,1090,30,Naive,4.8524305556,6.2597403847557915,59.05405972252248,90.80153040661902,71.27556484901073,0.9322657959401809
R03,5,1120,30,Naive,8.833333333366665,9.562513616543683,459.72349464070754,106.77926841537528,179.66101695104854,1.696006095264255
R03,6,1150,30,Naive,4.3,5.121848624601603,153.81642512077292,93.76749699102639,98.47328244274809,0.8293061204395997
R03,7,1180,30,Naive,6.9375,7.806013974280771,289.47412541162544,107.75365936666246,122.51655629139073,1.342737319742525
R03,8,1210,30,Naive,21.633333333333333,22.202852669570788,938.9233954451346,150.3840241333392,495.41984732824426,4.160225929240813
R03,9,1240,30,Naive,4.2,6.308724118235001,58.27059304332032,117.4757094757095,82.89473684210526,0.8080488653239507
R03,10,1270,30,Naive,4.4,7.66376756780458,100.0,200.0,100.0,0.8431790666867215
R03,11,1300,30,Naive,2.033333333333333,3.497618237219913,100.0,200.0,100.0,0.38830143047447524
R03,12,1330,30,Naive,6.433333333333334,7.073424441763221,327.25393028024604,129.11510058568882,238.2716049382716,1.2431115641489192
R03,13,1360,30,Naive,8.3,11.022703842524301,100.0,200.0,100.0,1.6144723955218192
R03,14,1390,30,Naive,6.6,8.225975119502044,202.83916862864234,89.17132958364358,85.34482758620689,1.2716761529366276
R03,15,1420,30,Naive,4.933333333333334,6.250333324444918,69.81171606171607,123.34209145973854,82.22222222222221,0.9424112436445772
R03,16,1450,30,Naive,5.433333333333334,8.631338250816034,106.94547322596102,82.48472688022126,71.80616740088107,1.0345081243928855
R03,17,1480,30,Naive,3.7583333333333333,5.313700844671882,71.38303142800892,59.55405522123788,52.872215709261425,0.7089496052778291
R03,18,1510,30,Naive,5.033333333333333,6.172519744804386,101.40526840106669,56.84567772933218,50.841750841750844,0.9437181149791404
R03,19,1540,30,Naive,5.7,6.715653356152326,146.05467197858502,81.45636106960386,84.23645320197043,1.0617026069913713
R03,20,1570,30,Naive,5.6,8.449852069711044,186.220704970705,100.0687951659224,96.55172413793103,1.0387513258380099
R03,21,1600,30,Naive,4.033333333333333,5.630275304103699,100.0,200.0,100.0,0.7448293850418977
R03,22,1630,30,Naive,4.0,5.059644256269407,91.51382243487505,110.44717990796423,101.69491525423729,0.7410729786223171
R03,23,1660,30,Naive,2.033333333333333,3.0276503540974917,100.0,200.0,100.0,0.3780649727110753
R03,24,1690,30,Naive,5.2,7.146094504459528,130.66748468922387,85.5118495808151,74.28571428571429,0.9752965404193045
R03,25,1720,30,Naive,6.0,8.694826047713663,100.50787917729447,93.17863507130792,75.0,1.1226319993258633
R03,26,1750,30,Naive,12.033333333333333,14.958832396502967,86.3678629859628,161.0443919280269,93.28165374677002,2.2203576808297423
R03,27,1780,30,Naive,6.866666666666666,9.305912099305473,71.39962669656157,80.9718035089552,65.60509554140127,1.2451941045232908
R03,28,1810,30,Naive,6.566666666666666,8.844960900610772,84.27254662664255,87.47936663371702,66.77966101694915,1.176058556087769
R03,29,1840,30,Naive,10.8,12.179217270963408,250.22971420299083,78.07464838833054,81.81818181818183,1.902718635175006
R03,30,1870,30,Naive,5.1,7.79529772790409,106.18417508417508,81.09122395396905,76.11940298507463,0.8831623731350147
R03,31,1900,30,Naive,5.033333333333333,7.318925239860472,73.8792925965239,76.25710890416774,64.8068669527897,0.8682216927848386
R03,32,1930,30,Naive,8.766666666666667,12.227019260637483,82.76039467041164,121.74397886369432,85.11326860841424,1.5040946324973248
R03,33,1960,30,Naive,4.176388889,5.226540398729,88.62929937379607,84.84893281477352,66.89655172472709,0.7071524171811496
R03,34,1990,30,Naive,3.3,4.722287581247038,100.0,200.0,100.0,0.557057046937986
R03,35,2020,30,Naive,5.066666666666666,8.238122763510304,138.95440580924452,97.56990085937454,91.56626506024097,0.8609629260963051
R03,36,2050,30,Naive,2.7,3.6285901761795403,62.3150762281197,103.96988196988197,78.64077669902912,0.4587853069653073
R03,1,1000,30,Seasonal Naive,4.433333333333334,5.862308987648695,71.57681079424776,89.32553107940105,66.5,0.8717425742574259
R03,2,1030,30,Seasonal Naive,4.5,6.096447052723961,119.19180492709907,89.29885027253448,83.85093167701864,0.8835892514395394
R03,3,1060,30,Seasonal Naive,7.5,9.03142661303665,178.8531113071247,128.4276108833908,90.7258064516129,1.4676640029734251
R03,4,1090,30,Seasonal Naive,4.0635416668,5.152969986659078,66.6532363232036,72.36922933148809,59.68786657944203,0.7807017252340607
R03,5,1120,30,Seasonal Naive,4.4888888888333325,5.320688134252206,207.67501340498706,94.74811595578629,91.2994350277376,0.8618697641203691
R03,6,1150,30,Seasonal Naive,4.366666666666666,5.167204273105526,150.88336783988962,120.70188016215,100.0,0.8421635796712214
R03,7,1180,30,Seasonal Naive,6.070833333333334,8.092724355864346,159.41548613423612,131.71346522223712,107.2111846946284,1.1749959608797953
R03,8,1210,30,Seasonal Naive,7.333333333333333,10.35826964314021,230.3610248447205,145.2127683939243,167.93893129770993,1.41024607770875
R03,9,1240,30,Seasonal Naive,4.4,6.2182527020592095,86.46970453788636,100.75207774554178,86.8421052631579,0.8465273827203293
R03,10,1270,30,Seasonal Naive,5.866666666666666,7.844318538492259,176.2305194805195,130.74271107148394,133.33333333333331,1.124238755582295
R03,11,1300,30,Seasonal Naive,4.933333333333334,8.193493353468552,251.79738562091498,134.4976235885327,242.62295081967213,0.9421083886921695
R03,12,1330,30,Seasonal Naive,3.933333333333333,5.391351098441528,139.21470342522974,156.59699777346836,145.679012345679,0.760037122122137
R03,13,1360,30,Seasonal Naive,6.466666666666667,9.647106647418523,89.08126852571297,127.31840130420251,77.91164658634538,1.2578620270330638
R03,14,1390,30,Seasonal Naive,6.333333333333333,8.748333174572933,153.16168507688974,95.6777178994965,81.89655172413794,1.2202952982725215
R03,15,1420,30,Seasonal Naive,8.233333333333333,11.420741365311331,191.6737891737892,140.5842542049439,137.22222222222223,1.5728079539203415
R03,16,1450,30,Seasonal Naive,8.2,10.44030650891055,113.29502814258912,138.47854030974236,108.37004405286343,1.5612822000039865
R03,17,1480,30,Seasonal Naive,8.291666666666666,12.426534110523336,181.5420103800913,85.70105663176768,116.64712778429075,1.5640905925752548
R03,18,1510,30,Seasonal Naive,6.3,7.543208866258444,80.53686801060749,83.98803019448258,63.63636363636363,1.1812100909341559
R03,19,1540,30,Seasonal Naive,7.3,9.307702903151418,160.4401328676691,97.99900988468764,107.88177339901478,1.359724391410002
R03,20,1570,30,Seasonal Naive,5.633333333333334,9.012953640917795,153.43222655722656,111.12435435811128,97.12643678160919,1.0449343694441886
R03,21,1600,30,Seasonal Naive,8.233333333333333,13.869631093387692,300.5467944753659,142.86308553206416,204.13223140495867,1.520436843845857
R03,22,1630,30,Seasonal Naive,4.466666666666667,6.260990336999411,108.5233918128655,151.34222919937207,113.55932203389831,0.8275314927949209
R03,23,1660,30,Seasonal Naive,3.5,5.1478150704935,140.1851851851852,166.57509157509162,172.1311475409836,0.6507675759780804
R03,24,1690,30,Seasonal Naive,5.4,7.602631123499285,111.34378302856564,115.06757430736619,77.14285714285715,1.012807945820047
R03,25,1720,30,Seasonal Naive,6.633333333333334,8.87130204648675,90.13443775947523,91.55666159356362,82.91666666666667,1.2411320436991489
R03,26,1750,30,Seasonal Naive,10.8,13.76226725507102,75.61546646630681,139.12996578424236,83.72093023255815,1.9927863949829268
R03,27,1780,30,Seasonal Naive,12.166666666666666,14.515508947329405,253.78882528946383,110.36700244917388,116.24203821656052,2.20629052500486
R03,28,1810,30,Seasonal Naive,11.733333333333333,14.200938936093861,137.47882621450108,111.51236953139147,119.3220338983051,2.1013838159537803
R03,29,1840,30,Seasonal Naive,9.233333333333333,12.28956196669895,176.3242136665079,83.26050723702653,69.94949494949495,1.6267069813070265
R03,30,1870,30,Seasonal Naive,6.133333333333334,8.667948623136464,137.5066859066859,96.30876223168312,91.54228855721394,1.062103768998972
R03,31,1900,30,Seasonal Naive,8.433333333333334,10.16366075781753,181.83192450786723,98.81962145649177,108.58369098712446,1.4547025713547297
R03,32,1930,30,Seasonal Naive,8.3,11.01060095241551,119.17395524679056,106.79174579836996,80.58252427184466,1.4240287585240832
R03,33,1960,30,Seasonal Naive,11.723611111,14.2960776314652,297.81639250051296,107.3587796013062,187.78642936084032,1.9850593791854696
R03,34,1990,30,Seasonal Naive,3.566666666666667,4.806245936279167,113.6128364389234,140.52322163433274,108.08080808080808,0.6020717578016617
R03,35,2020,30,Seasonal Naive,5.3,9.357706271660094,101.33160173160172,129.57555854107576,95.78313253012048,0.9006125345349507
R03,36,2050,30,Seasonal Naive,8.766666666666667,12.949903474543738,396.59043854696023,121.96661014169725,255.33980582524273,1.4896362436034052
R03,1,1000,30,Moving Average,4.295238095238094,5.533939807760685,76.75894283787443,77.31613602741872,64.42857142857142,0.8445884016973124
R03,2,1030,30,Moving Average,3.9,4.629614814791111,122.66502517090751,83.81512067149434,72.67080745341616,0.7657773512476007
R03,3,1060,30,Moving Average,5.866666666666666,7.554608450709898,122.9921683534918,86.36475389363409,70.96774193548387,1.1480393978814347
R03,4,1090,30,Moving Average,3.4290178572761905,4.522300364979037,54.11314077740038,53.596067822928575,50.367580092959074,0.6587948091946273
R03,5,1120,30,Moving Average,3.6246031745476186,4.696838204065589,227.88786411283021,77.06115389061137,73.7207425336717,0.6959263105951397
R03,6,1150,30,Moving Average,3.414285714285715,4.488155235168007,107.54017549048605,88.06794099627739,78.1897491821156,0.6584855906480545
R03,7,1180,30,Moving Average,4.832738095238096,6.606249135179087,120.37633414865559,103.76661393845316,85.34636812782507,0.9353654482187527
R03,8,1210,30,Moving Average,4.236904761904762,5.104467747610378,148.71783496007097,103.13354389857147,97.02835332606325,0.814783407559325
R03,9,1240,30,Moving Average,3.8857142857142857,5.524466299214473,64.94951477094337,92.09645998323265,76.69172932330827,0.74758262370107
R03,10,1270,30,Moving Average,4.8,6.303438215238834,139.50757575757575,117.47205263871932,109.09090909090908,0.9198317091127869
R03,11,1300,30,Moving Average,3.0904761904761906,3.380113913469073,133.18945760122233,127.98286300451156,151.99063231850118,0.5901817994799402
R03,12,1330,30,Moving Average,2.9476190476190474,3.2690051327312295,104.61687226724818,120.0418348421475,109.17107583774248,0.5695677706944344
R03,13,1360,30,Moving Average,6.376190476190475,9.068334680499557,69.03064601477298,101.72832570009199,76.82157200229489,1.2402630737829692
R03,14,1390,30,Moving Average,5.7904761904761894,8.255775138001985,135.54300212612665,85.28644924017574,74.87684729064038,1.115698558420591
R03,15,1420,30,Moving Average,3.8666666666666667,4.905778905196061,91.28545066045068,76.2637835848362,64.44444444444444,0.738646650424128
R03,16,1450,30,Moving Average,5.423809523809524,8.658407891228292,104.58230261801691,82.67733837773217,71.68030207677785,1.0326947885043791
R03,17,1480,30,Moving Average,5.482142857142858,6.421904611837318,179.52430401991336,69.87665643932513,77.12276000669905,1.0341187622123547
R03,18,1510,30,Moving Average,4.880952380952381,5.987912995428067,73.13040625840745,59.98878531094898,49.30254930254931,0.9151476517063567
R03,19,1540,30,Moving Average,5.547619047619049,6.626118183134883,139.88950308567283,80.36524229062233,81.9845179451091,1.033319579903883
R03,20,1570,30,Moving Average,4.971428571428572,8.668027104108006,113.50451912951911,95.83926172485877,85.71428571428574,0.922156789264356
R03,21,1600,30,Moving Average,4.099999999999999,4.756020173543891,130.2550284182937,98.9389805150105,101.65289256198345,0.7571406145467222
R03,22,1630,30,Moving Average,3.6,5.033222956847166,65.43460925039874,117.94068154068154,91.52542372881356,0.6669656807600854
R03,23,1660,30,Moving Average,2.014285714285714,2.24593358919511,63.69047619047619,118.74449982456564,99.06323185011708,0.37452338046085437
R03,24,1690,30,Moving Average,5.352380952380954,7.926018464997605,86.97482641582022,96.65230154507861,76.46258503401361,1.0038766588198704
R03,25,1720,30,Moving Average,6.1142857142857165,8.28497533650708,128.0960697758727,90.7062912720558,76.42857142857146,1.1440154659796897
R03,26,1750,30,Moving Average,10.709523809523807,13.63471459829177,77.79440361496029,125.7650756074543,83.01956441491323,1.976091976330071
R03,27,1780,30,Moving Average,7.6,8.895691841185448,150.94601663886465,74.7375479871877,72.61146496815286,1.378175999181118
R03,28,1810,30,Moving Average,7.966666666666667,9.357706271660094,155.87771433590618,82.8706143561216,81.01694915254237,1.426791852309527
R03,29,1840,30,Moving Average,8.0,10.933130079411537,132.47865218262137,67.08747817022277,60.60606060606061,1.4094212112407452
R03,30,1870,30,Moving Average,5.1,7.79529772790409,106.18417508417508,81.09122395396905,76.11940298507463,0.8831623731350147
R03,31,1900,30,Moving Average,6.93809523809524,7.770999638022746,183.37386097659626,84.33587275497628,89.33169834457391,1.1967824090704922
R03,32,1930,30,Moving Average,7.995238095238094,10.767960790782844,109.52267530889893,101.19679048859196,77.62367082755432,1.371740840827272
R03,33,1960,30,Moving Average,10.185515872904762,11.380521561961356,338.2180163432414,104.21315099322162,163.1495312204874,1.7246267915165814
R03,34,1990,30,Moving Average,2.5190476190476194,3.5268648273224317,57.333763544943665,95.09603317351622,76.33477633477635,0.42522825083722166
R03,35,2020,30,Moving Average,4.542857142857143,8.892555932936727,60.98045963253337,94.85313999266184,82.09982788296041,0.7719536010299578
R03,36,2050,30,Moving Average,5.795238095238096,6.36631227421253,264.11228523029774,111.2845535552697,168.79334257975037,0.9847296623929083
R03,1,1000,30,ETS,4.343756615952936,5.6707481076556965,70.80812527825971,78.52778831744217,65.15634923929403,0.8541287761665872
R03,2,1030,30,ETS,3.9373215580488097,4.610898129697015,124.56055783161399,84.78940512091052,73.36624021208962,0.7731055573673574
R03,3,1060,30,ETS,5.846243020337034,7.807187812639494,105.1972223094913,88.31233436599726,70.72068169762541,1.144042724477773
R03,4,1090,30,ETS,3.5299570439648478,4.1059274943818735,84.9368603126024,53.54358258596209,51.85023862133944,0.6781875959932464
R03,5,1120,30,ETS,3.445789626447085,4.1979632486759915,197.79835104362192,78.46330021652085,70.08385680956839,0.6615939859732691
R03,6,1150,30,ETS,3.3203898849331686,4.437875923827197,98.53383954066877,87.23631521732088,76.03946301373668,0.6403766636792593
R03,7,1180,30,ETS,4.836286534920478,6.574020225810976,126.01673431593558,104.49655200817392,85.40903372927997,0.9360522406350972
R03,8,1210,30,ETS,4.224404736534563,5.110635565128022,152.22130578803825,101.87464814605521,96.7420932030816,0.8123795741389273
R03,9,1240,30,ETS,3.9048695251085137,5.5371592077903,61.66234536613925,92.59466644561606,77.06979325872067,0.751267949762383
R03,10,1270,30,ETS,4.716652431250636,6.357474010316988,128.63333886105696,115.81884907451168,107.19664616478717,0.9038596806517196
R03,11,1300,30,ETS,3.2185429508123424,3.5629819741865076,136.8789714328327,126.5753148843134,158.28899758093488,0.6146384418904777
R03,12,1330,30,ETS,2.7232254440388757,3.2462888437040003,87.5528951391946,120.62060913240475,100.86020163106949,0.5262082447568863
R03,13,1360,30,ETS,6.487632035948164,9.171724617120312,67.80524499070182,103.70382333520223,78.16424139696582,1.2619401005230517
R03,14,1390,30,ETS,5.940265066982113,8.158650151929477,150.30822286820847,85.96092954976413,76.81377241787216,1.144559610273281
R03,15,1420,30,ETS,4.021199464385883,4.966288606133221,99.34499226720693,77.55895241391798,67.01999107309805,0.7681669435489474
R03,16,1450,30,ETS,5.513758063741062,8.583772982733914,112.71029861054369,82.0415101327961,72.86904930054267,1.049821014639923
R03,17,1480,30,ETS,4.04724153014996,4.933913068686743,114.00850937142899,60.28942320517754,56.93657486729135,0.7634475260125547
R03,18,1510,30,ETS,5.0969091797186605,6.211936263436382,70.82169446364001,63.65157084879044,51.483931108269296,0.9556381834378751
R03,19,1540,30,ETS,5.931150290556683,6.872361046727566,156.15164209372028,83.10352804579679,87.65246734812831,1.1047574957792388
R03,20,1570,30,ETS,6.407393061806757,8.588061278364103,241.01811795284024,106.25228128748556,110.47229416908202,1.1885157210923276
R03,21,1600,30,ETS,3.8700910725122664,4.4884320105896816,120.33334525907857,99.0370653446593,95.95267121931239,0.7146836909740784
R03,22,1630,30,ETS,3.8385846851430347,4.94077183820557,80.68096212920031,114.12982932687694,97.59113606295851,0.7111678465782396
R03,23,1660,30,ETS,2.615280351288459,2.8367518070076363,101.78314229558927,116.19144693826489,128.62034514533406,0.48626847277459806
R03,24,1690,30,ETS,5.712524671912513,8.343751366742017,84.31390402492572,108.66232581958235,81.60749531303591,1.0714241441492687
R03,25,1720,30,ETS,6.015913008558512,8.466861289422255,115.85937975056288,91.7733148845993,75.19891260698141,1.1256094080947519
R03,26,1750,30,ETS,7.868551461331111,10.829808565889769,73.0853608406296,74.20933111550707,60.996522956055124,1.451883546329969
R03,27,1780,30,ETS,6.7509226485728675,8.206644379248875,120.6362776585904,71.51452269031499,64.49926097362612,1.224205206130441
R03,28,1810,30,ETS,6.831837034847754,8.52729326444865,118.58505220846094,79.16202975932474,69.47630882896021,1.2235492992837558
R03,29,1840,30,ETS,7.951089623548216,11.030727461152427,123.66071109745876,67.15071444521583,60.23552745112285,1.4008042959881308
R03,30,1870,30,ETS,8.10978500110353,9.293511117591189,213.62872730648164,100.4292008039434,121.04156718064971,1.4043641112135965
R03,31,1900,30,ETS,5.6442826970610716,6.875910857035703,130.50507542058958,77.37201060123428,72.67316777331851,0.9736070220791798
R03,32,1930,30,ETS,7.838974026150195,10.171288385433629,131.2968698949674,95.88734028118398,76.10654394320578,1.34493065669412
R03,33,1960,30,ETS,5.801735467551166,6.7583532849088375,194.34814462962572,86.21850649540137,92.93102417269175,0.9823585323987328
R03,34,1990,30,ETS,4.370096709783481,4.754251540713418,186.2051612160925,106.07366134253007,132.42717302374186,0.7376948993895135
R03,35,2020,30,ETS,4.723622280928585,8.514425814465055,97.5763689653286,94.3714360162723,85.36666772762503,0.8026704593609166
R03,36,2050,30,ETS,3.61121995539836,4.061006470900185,146.37247076932988,97.68464865274782,105.1811637494668,0.6136202428728443
R03,1,1000,30,SARIMA,4.330532605857422,5.6662495921985405,72.10360060658851,78.89698309515703,64.95798908786132,0.8515284906171129
R03,2,1030,30,SARIMA,3.853959384646688,4.643320099721134,115.80310053129128,84.04924703492523,71.8129077884476,0.7567371306129678
R03,3,1060,30,SARIMA,5.934215236946654,7.877847988764476,107.81986638651775,89.82504699235196,71.78486173725791,1.1612578785550691
R03,4,1090,30,SARIMA,3.4493535886237314,4.044732277470214,80.14255387875718,52.86034601624039,50.66628415926272,0.6627017804646977
R03,5,1120,30,SARIMA,3.3735131316613196,4.177151990919396,199.98519369731613,77.16151584409381,68.61382640713607,0.647716849101511
R03,6,1150,30,SARIMA,3.446322256982335,4.484940124620901,109.9124667047623,88.43000723115195,78.92341046524432,0.6646642187727129
R03,7,1180,30,SARIMA,4.836059235086207,6.574657889986596,124.88822238916823,103.17432294552388,85.40501960417143,0.9360082472700165
R03,8,1210,30,SARIMA,4.327427324589984,5.171403223749274,158.2830190805231,103.31473886611968,99.10138911274773,0.8321914651462766
R03,9,1240,30,SARIMA,3.9239165113510683,5.554956508217791,65.4687334917563,93.14430707129347,77.44572061877109,0.7549324487197966
R03,10,1270,30,SARIMA,4.736606326132813,6.283469829301148,135.9161247385076,117.62893915246933,107.65014377574576,0.9076834775752468
R03,11,1300,30,SARIMA,3.3205760762567946,3.6158286331278076,149.96936060657137,128.4984314711378,163.3070201437768,0.6341234952835247
R03,12,1330,30,SARIMA,2.817356014815988,3.2348192842030254,92.65470898596418,120.15533479909612,104.34651906725882,0.5443970739392128
R03,13,1360,30,SARIMA,6.391752482864851,9.102478718553938,68.66292810793942,102.36868369200765,77.00906605861266,1.243290113565464
R03,14,1390,30,SARIMA,5.872232235744884,8.20942681731507,142.8060745633782,85.84813603441694,75.93403753118385,1.1314511664700768
R03,15,1420,30,SARIMA,3.953363604016734,4.94234633265086,93.96501799259079,76.92357856549343,65.88939340027889,0.755208306210936
R03,16,1450,30,SARIMA,5.538265853543821,8.555531923091113,114.54700183583707,83.14283969477356,73.19294079573332,1.054487304393641
R03,17,1480,30,SARIMA,4.0303135378377775,4.926654382147636,110.78843742280166,60.4344917021882,56.698431950824535,0.7602543304113482
R03,18,1510,30,SARIMA,5.184377908697645,6.272485908355902,70.72521094259362,64.58965641704853,52.36745362320854,0.9720380160269483
R03,19,1540,30,SARIMA,5.866543326816015,6.817033781558725,152.12318281291047,82.61335552048514,86.69768463274899,1.0927235691418238
R03,20,1570,30,SARIMA,6.348148998615614,8.595684404948228,242.09758029514256,105.27133082342519,109.4508448037175,1.1775264623087864
R03,21,1600,30,SARIMA,3.8007511712034705,4.409923575427717,116.74345823748422,97.73642359024699,94.23350011248274,0.7018787993912611
R03,22,1630,30,SARIMA,3.877240917425032,4.965872090135817,83.0745292415675,112.70382922607094,98.57392162944996,0.7183296188781235
R03,23,1660,30,SARIMA,2.625400777629884,2.868016520284975,105.10371196256739,115.43756565305235,129.1180710309779,0.4881502000083335
R03,24,1690,30,SARIMA,5.558429084023797,8.239244357862688,80.24768218368608,104.1526795705543,79.40612977176853,1.0425224338104717
R03,25,1720,30,SARIMA,5.993500707341524,8.526782844131063,107.04783716149623,91.66990585954609,74.91875884176905,1.1214159470072984
R03,26,1750,30,SARIMA,7.885051339433033,10.84653669145007,70.53247392567506,74.71167112630506,61.124428987852966,1.4549280586077824
R03,27,1780,30,SARIMA,6.771431821454263,8.25149200883309,118.22189725924899,71.93697782270533,64.69520848523182,1.2279243179499404
R03,28,1810,30,SARIMA,6.756499061839185,8.520997235953233,118.24564662436583,78.66404558101488,68.71015995090697,1.2100566290672525
R03,29,1840,30,SARIMA,8.02152982945079,11.06635666832211,123.87125135187699,67.78537222047841,60.7691653746272,1.4132142860285375
R03,30,1870,30,SARIMA,7.832643999642083,9.053688708440543,206.5023700464277,98.72990806620352,116.90513432301617,1.356371855420713
R03,31,1900,30,SARIMA,5.596882888560729,6.794152483933712,127.7697780266605,76.92605628924443,72.06286980979479,0.9654308216870252
R03,32,1930,30,SARIMA,7.937747752900015,10.212654573380993,132.5277036607978,96.97669620372085,77.06551216407782,1.3618772383180167
R03,33,1960,30,SARIMA,5.666660960835645,6.586899940414891,190.95872320074446,85.60006153832711,90.76742806961181,0.9594875147655298
R03,34,1990,30,SARIMA,4.340629214021935,4.743147607447252,185.15566241413313,105.26945129972323,131.53421860672532,0.7327206338835789
R03,35,2020,30,SARIMA,4.759652506741363,8.395051705931065,103.78292026362075,96.00988184581315,86.0178163868921,0.808792963698485
R03,36,2050,30,SARIMA,3.532450519021884,3.993038868022198,145.96616748319823,96.566791568562,102.88690832102574,0.6002357021145237
R06,1,1000,30,Naive,1.5033333333333334,1.7319545798509461,103.09854033556698,73.02442479677246,78.98423817863399,0.7494947922811791
R06,2,1030,30,Naive,2.106666666666667,2.5139610179953067,100.0,200.0,100.0,1.0545935881344033
R06,3,1060,30,Naive,1.27,1.4734313692873515,101.05263157894737,104.75084175084174,115.80547112462007,0.6375565837367791
R06,4,1090,30,Naive,0.8416666666666667,1.0581474027826845,40.12432900934745,59.7527173388863,48.479999999379444,0.426094598353165
R06,5,1120,30,Naive,1.2266666668666668,1.3729311036544591,76.93745522302851,77.40124311104796,79.02648533971406,0.6280624223764442
R06,6,1150,30,Naive,1.96,2.5207141845120002,56.925409496164214,102.13311194133112,72.77227722772277,1.0143492864585275
R06,7,1180,30,Naive,4.64,4.978955713801842,238.36421889814545,88.26031078580097,127.00729927007299,2.3947324615183905
R06,8,1210,30,Naive,2.289666666666667,2.738881158429478,59.88099959114348,44.80206993447968,41.10466160014362,1.1735685278129162
R06,9,1240,30,Naive,2.341333333333333,2.9968283234112696,60.14446908633513,48.25499978420306,45.52171095268957,1.175769135996453
R06,10,1270,30,Naive,2.42,2.863331393092086,64.38003220611917,110.76190476190474,75.15527950310559,1.201916642688803
R06,11,1300,30,Naive,1.3099999999999998,1.6057189459346033,181.024531024531,66.2563929644968,68.82661996497373,0.6480612008693736
R06,12,1330,30,Naive,1.3466666666666667,1.8531055015837603,60.56400389733723,57.377453068287544,53.1578947368421,0.6684855916992297
R06,13,1360,30,Naive,1.7833333333333334,1.9937402037376886,104.31818181818183,97.46320346320346,125.88235294117646,0.8899931331381529
R06,14,1390,30,Naive,0.8433333333333334,0.9991663191547908,90.93932335780163,58.246483060436546,58.700696055684446,0.42214156320669527
R06,15,1420,30,Naive,1.0166666666666666,1.2144957801491119,42.0,82.44444444444447,60.396039603960396,0.5164866706250257
R06,16,1450,30,Naive,1.4200000000000002,2.0620378270051205,100.0,200.0,100.0,0.7278847969831826
R06,17,1480,30,Naive,1.6186666666666667,2.0659590186319443,100.0,200.0,100.0,0.8339357592418246
R06,18,1510,30,Naive,1.7033333333333334,2.0945166506857853,66.72640692640692,85.77964519140991,73.10443490701,0.8823193893409302
R06,19,1540,30,Naive,4.953333333333333,5.94076313840795,100.0,200.0,100.0,2.561404948778884
R06,20,1570,30,Naive,2.4766666666666666,3.1257532425534382,52.54963763834731,34.19842610633139,33.095768374164805,1.257984478152797
R06,21,1600,30,Naive,5.318666666666667,5.899518624430302,190.98228536966616,80.94813427670218,112.01909575961808,2.671602636294074
R06,22,1630,30,Naive,1.5966666666666667,2.3196982562393758,39.0084915084915,39.88220458808694,39.294503691550446,0.7994050351949141
R06,23,1660,30,Naive,1.8,2.3393731354075746,64.09683842507525,56.73801572792887,52.63157894736843,0.8956522306260681
R06,24,1690,30,Naive,2.896666666666667,3.3634803403617513,100.0,200.0,100.0,1.4366183071387568
R06,25,1720,30,Naive,2.8699999999999997,3.4737587711296247,100.0,200.0,100.0,1.4228528677860217
R06,26,1750,30,Naive,2.2866666666666666,2.566060534489915,163.99148677409545,92.11420578254993,123.82671480144403,1.132145574260754
R06,27,1780,30,Naive,1.7200000000000002,2.336664289109585,76.5695542380325,142.11808763830857,88.05460750853244,0.8518922885168545
R06,28,1810,30,Naive,0.9766666666666667,1.2421755109484327,36.124401913875595,106.01033591731266,78.55227882037535,0.48451094595246913
R06,29,1840,30,Naive,1.2633333333333334,1.704797153133866,45.59037116729424,82.1176011320939,64.34634974533108,0.6309355089047066
R06,30,1870,30,Naive,1.45,2.0647033685253677,55.56666708913781,44.86171890213336,41.46806482364156,0.7262184852106204
R06,31,1900,30,Naive,2.146666666666667,2.660325794584816,51.199398161598985,32.935045345404575,31.32295719844358,1.0749095455601962
R06,32,1930,30,Naive,2.566666666666667,3.1704889212864313,54.41420522628779,60.04454802528388,53.84615384615385,1.273548818252369
R06,33,1960,30,Naive,2.33,3.0870158189854915,40.4739513360203,55.15693456869927,48.37370242214533,1.1401169809437968
R06,34,1990,30,Naive,2.515333333333333,2.938228491228459,102.85868758913156,54.40415157492178,58.16247880376137,1.2289271446156156
R06,35,2020,30,Naive,2.18,2.7433556094680833,60.265873791377025,98.61850415790482,72.18543046357617,1.0569809410521496
R06,36,2050,30,Naive,2.5366666666666666,3.1822947695020334,64.05678781439431,102.42430126036686,73.10278578290107,1.2290295537424822
R06,1,1000,30,Seasonal Naive,1.27,1.7223046575252978,51.30841687877685,63.97680574915341,66.72504378283713,0.633165223634433
R06,2,1030,30,Seasonal Naive,1.5599999999999998,1.942506971244462,70.68027210884354,100.66432969658776,74.0506329113924,0.7809332266564882
R06,3,1060,30,Seasonal Naive,1.5166666666666666,1.7505237311540034,85.17543859649123,111.52669552669549,138.29787234042556,0.7613864713916917
R06,4,1090,30,Seasonal Naive,1.1694444444666667,1.4921864395853515,58.775064940134634,104.50605272463238,67.36000000041778,0.5920324287461757
R06,5,1120,30,Seasonal Naive,1.3877777778333333,1.603197037435176,93.23605410499168,82.14813071905837,89.40586972568943,0.7105525049381181
R06,6,1150,30,Seasonal Naive,1.7566666666666664,2.4431536996267753,53.03804685880158,88.81515819249583,65.22277227722772,0.9091191734075577
R06,7,1180,30,Seasonal Naive,2.1366666666666663,2.7988688191243734,97.43400160585922,57.936194569987684,58.48540145985402,1.1027467728687415
R06,8,1210,30,Seasonal Naive,3.3303333333333334,4.076453115148021,68.77055269000216,76.19260281545805,59.78696666866136,1.7069621722781838
R06,9,1240,30,Seasonal Naive,3.0846666666666662,4.007317473489383,110.1834367098078,52.79613448901682,59.97407647440052,1.5490557495032995
R06,10,1270,30,Seasonal Naive,2.8576666666666664,3.993979218774179,126.81822329575954,78.0385310327867,88.74741200828157,1.4192880685635134
R06,11,1300,30,Seasonal Naive,1.9766666666666666,2.4949949899749297,262.07311207311204,76.08453536148264,103.85288966725044,0.9778633387163831
R06,12,1330,30,Seasonal Naive,1.6833333333333333,2.30701827763313,53.27162549384772,84.95591941933404,66.44736842105263,0.8356069896240371
R06,13,1360,30,Seasonal Naive,2.356666666666667,3.223093751868433,190.0,122.48399110468075,166.35294117647058,1.1761217665956525
R06,14,1390,30,Seasonal Naive,1.03,1.478174549909448,84.07467532467533,86.46227846227846,71.6937354988399,0.5155800119797187
R06,15,1420,30,Seasonal Naive,1.0033333333333334,1.3267755399212533,43.333333333333336,81.99233716475096,59.603960396039604,0.5097130749446976
R06,16,1450,30,Seasonal Naive,1.1866666666666668,1.6468151080191122,70.83333333333333,120.22792022792021,83.56807511737088,0.6082793139108287
R06,17,1480,30,Seasonal Naive,1.4746666666666668,1.8129681004731808,77.15548340548341,120.84329597941212,91.10378912685337,0.7597470755530956
R06,18,1510,30,Seasonal Naive,1.8966666666666667,2.563916275284095,84.13939393939393,125.62203228869893,81.40200286123032,0.9824652300097638
R06,19,1540,30,Seasonal Naive,3.8866666666666663,4.813799608071224,74.55483708634969,129.91605386637426,78.46567967698519,2.0098238023392856
R06,20,1570,30,Seasonal Naive,3.9766666666666666,4.641515557085494,59.65399385560676,60.887552617311734,53.14031180400891,2.01988624823188
R06,21,1600,30,Seasonal Naive,2.6813333333333333,3.437681389153645,87.804498670236,58.00181842944841,56.472900870541984,1.3468520685854555
R06,22,1630,30,Seasonal Naive,2.27,3.0300165016052305,66.84426684426684,54.92551327333934,55.86546349466776,1.1365236512896377
R06,23,1660,30,Seasonal Naive,2.6533333333333338,3.301413838544531,113.20609698260967,73.95893346429645,77.58284600389865,1.3202577325525007
R06,24,1690,30,Seasonal Naive,2.23,2.663268668384773,70.69758120145715,100.7002371829958,76.98504027617952,1.1059811823657402
R06,25,1720,30,Seasonal Naive,2.65,3.0712104019967983,250.7407407407408,121.91052957719626,92.33449477351917,1.3137840068407518
R06,26,1750,30,Seasonal Naive,3.0866666666666664,3.452245645952791,237.21147258538565,127.29553326489335,167.1480144404332,1.5282314894540205
R06,27,1780,30,Seasonal Naive,1.3433333333333335,2.0037464909513876,63.574796881862106,105.86936882719415,68.7713310580205,0.6653344811478534
R06,28,1810,30,Seasonal Naive,1.6333333333333333,2.182506204649447,100.33492822966508,126.59665319772655,131.36729222520108,0.8102742782140269
R06,29,1840,30,Seasonal Naive,1.5166666666666666,1.9831792657246092,69.8444504213735,120.6340579710145,77.24957555178268,0.7574555581837505
R06,30,1870,30,Seasonal Naive,2.2366666666666664,2.945901107188314,65.06643582328086,80.50630919828453,63.96568160152526,1.120212881784658
R06,31,1900,30,Seasonal Naive,3.146666666666667,3.830230628391281,57.558216762353055,54.878827140477306,45.91439688715953,1.5756438059143247
R06,32,1930,30,Seasonal Naive,3.4066666666666663,4.020613551851674,81.34719487937461,69.2419123203933,71.46853146853147,1.6903466133167804
R06,33,1960,30,Seasonal Naive,2.2633333333333336,3.0500819661117307,44.74971388764492,54.09436763141602,46.98961937716263,1.1074956080984808
R06,34,1990,30,Seasonal Naive,3.7053333333333334,4.447342277510618,125.80419670964066,68.93925785467333,85.67905040850931,1.8103305247213337
R06,35,2020,30,Seasonal Naive,2.0266666666666664,2.4329680091060246,67.95594982178919,70.4534926987757,67.10816777041943,0.9826367158405304
R06,36,2050,30,Seasonal Naive,1.8033333333333335,2.556103805925469,51.1486203676873,67.15962409427758,51.96926032660903,0.8737253463530658
R06,1,1000,30,Moving Average,1.09,1.3413137026734618,54.279159276821744,63.72790298145259,57.267950963222425,0.5434252706783715
R06,2,1030,30,Moving Average,1.1428571428571428,1.530283865001194,43.10581375407306,61.289930120992565,54.249547920434,0.5721122539607972
R06,3,1060,30,Moving Average,1.27,1.4734313692873515,101.05263157894737,104.75084175084174,115.80547112462007,0.6375565837367791
R06,4,1090,30,Moving Average,1.0166666667333333,1.1499305740537695,44.66596166327858,79.18241301212667,58.560000003090416,0.5146885247771771
R06,5,1120,30,Moving Average,1.321904762028571,1.4767920882561254,86.36115302370544,79.67346256553614,85.16208202167118,0.6768250327624371
R06,6,1150,30,Moving Average,1.673333333333333,2.1710463322717803,47.68501747578567,80.04304256197105,62.12871287128712,0.8659920778948651
R06,7,1180,30,Moving Average,1.9761904761904767,2.601119591493575,106.59368625442043,57.079822010020074,54.09280500521378,1.0199240266113838
R06,8,1210,30,Moving Average,2.8303333333333334,3.520749079618236,51.215304033147525,57.702285842766756,50.81084315720184,1.4506871989604704
R06,9,1240,30,Moving Average,2.872666666666666,3.2775220439074575,103.54265236633142,54.71750672308262,55.852235904082946,1.4425937377587459
R06,10,1270,30,Moving Average,2.003619047619048,2.3976326192456487,78.82450732305804,61.26743451012181,62.22419402543626,0.9951169747692656
R06,11,1300,30,Moving Average,1.767142857142857,2.0391658291839745,230.32020889163744,76.45260688769332,92.84463347510632,0.8742112382501801
R06,12,1330,30,Moving Average,1.3857142857142857,1.9429761868291218,44.020867433565854,65.09663589777855,54.699248120300744,0.6878688372859825
R06,13,1360,30,Moving Average,1.8061904761904757,2.016505025286772,106.004329004329,97.88839498638087,127.49579831932769,0.9014002547377872
R06,14,1390,30,Moving Average,0.6957142857142856,0.8252602145800484,59.17434661611679,53.207266272925104,48.4255883327809,0.348248912391294
R06,15,1420,30,Moving Average,0.9519047619047619,1.0963917319699072,39.57142857142857,74.73802243985541,56.54879773691655,0.4835863487491459
R06,16,1450,30,Moving Average,0.8866666666666667,1.553061492665374,28.6231884057971,77.83475783475784,62.441314553990615,0.45450083567494504
R06,17,1480,30,Moving Average,1.0413333333333334,1.425080114707006,36.46735209235209,82.1555853041797,64.332784184514,0.5364940922305313
R06,18,1510,30,Moving Average,1.6633333333333333,2.459064862910289,41.648917748917754,88.34025234025233,71.38769670958511,0.8615995602370337
R06,19,1540,30,Moving Average,3.4819047619047607,4.510382580270565,58.48966534665815,91.33696604401048,70.29417419726974,1.8005184565921164
R06,20,1570,30,Moving Average,2.481428571428572,2.984015237691576,37.89617113273026,35.7368856936296,33.159401845370674,1.2604032139308263
R06,21,1600,30,Moving Average,2.2965714285714283,2.8277591907403155,80.67443117343547,52.2620985227955,48.369238175472375,1.1535835327793447
R06,22,1630,30,Moving Average,1.596666666666667,2.0909702203965113,48.29622758194187,40.10909583025739,39.29450369155045,0.7994050351949142
R06,23,1660,30,Moving Average,2.08,2.4299519885517626,97.66660827786397,61.7792306269209,60.81871345029241,1.0349759109456789
R06,24,1690,30,Moving Average,1.391904761904762,1.8153746263550137,38.429339005197264,57.71921092446062,48.05194805194805,0.6903230826510909
R06,25,1720,30,Moving Average,1.6899999999999997,2.068574388316746,129.13227513227514,73.1654057770946,58.88501742160278,0.8378471590795736
R06,26,1750,30,Moving Average,2.0580952380952384,2.3314851767171287,146.84923771880295,88.41946973022512,111.44920061887574,1.0189781699198208
R06,27,1780,30,Moving Average,1.4380952380952379,2.024176997450273,56.61979852876592,100.68013370238889,73.62262311067772,0.7122687462128737
R06,28,1810,30,Moving Average,1.0852380952380956,1.2543936389190373,41.44907723855093,100.64549733680388,87.28456530065112,0.5383717434547428
R06,29,1840,30,Moving Average,1.4538095238095239,1.8810747398417607,58.93817720740798,103.51915884358,74.04802328401648,0.7260633655054916
R06,30,1870,30,Moving Average,1.7023809523809528,2.363971350126242,51.11576933609927,54.77060201848031,48.68582323301104,0.8526210458548337
R06,31,1900,30,Moving Average,2.3485714285714283,3.1593592737148724,40.999604468655335,36.69236788503515,34.26903835464146,1.1760101771745533
R06,32,1930,30,Moving Average,2.973333333333333,3.420520308911127,72.63915788451743,64.78554765074054,62.377622377622366,1.4753318777676792
R06,33,1960,30,Moving Average,2.101428571428572,2.7892663556428396,39.6446875510915,48.50321750625181,43.62827483934751,1.0282722740455703
R06,34,1990,30,Moving Average,3.0162857142857145,3.4066410132559137,123.67834141176787,60.984079988684435,69.7460855777489,1.4736795879414322
R06,35,2020,30,Moving Average,1.4200000000000002,1.8563404860100423,61.154764231273894,53.11537904003657,47.01986754966888,0.6884921726119507
R06,36,2050,30,Moving Average,1.5080952380952382,2.170314563864522,37.89720851768084,45.854348143930565,43.460957870179776,0.7306807953261576
R06,1,1000,30,ETS,1.0746493294329347,1.2402620808477445,58.05193837924786,63.963211407950084,56.46143587213318,0.5357721125976358
R06,2,1030,30,ETS,1.0999351788219915,1.407955222809644,46.18112493948562,58.96291481062643,52.21211291876542,0.5506255950707944
R06,3,1060,30,ETS,1.2665019707130056,1.4204630048899796,98.336375895685,107.97089157478862,115.48650188872394,0.6358005273572301
R06,4,1090,30,ETS,1.097994587826741,1.2950866106154542,47.98223609982179,85.26830942330557,63.24448825801075,0.5558608668047337
R06,5,1120,30,ETS,0.9956883163470042,1.15175983342021,57.32557449444972,70.26049444594827,64.14599031675968,0.5097997954849424
R06,6,1150,30,ETS,1.6969597472606412,2.1738971776630907,49.776978318257356,81.84660849161527,63.00593121017233,0.8782193412156504
R06,7,1180,30,ETS,1.901691950738381,2.4282853110667735,75.76228238895905,58.72757002388204,52.05361179028415,0.9814748806554813
R06,8,1210,30,ETS,2.7643227200895075,3.4894337415947767,50.745424176391666,55.95172499183213,49.625804322114305,1.4168534626649756
R06,9,1240,30,ETS,2.508704432980607,2.973217828776866,85.19219306962931,49.91835387273918,48.77584769242918,1.2598194377716745
R06,10,1270,30,ETS,2.2905078790460025,2.7128372312353246,91.49972929641385,65.57628972079783,71.13378506354046,1.137603115717034
R06,11,1300,30,ETS,1.4475554734605016,1.748562216853002,198.63001042829055,69.28163843142427,76.05370263365158,0.7161103346991202
R06,12,1330,30,ETS,1.3216910233991777,1.8745714280557992,43.4998813323492,62.15000377398739,52.17201408154648,0.6560876775895246
R06,13,1360,30,ETS,1.6256076328415276,1.8656849092115009,92.37757609749325,93.83027922910966,114.74877408293136,0.8112782974238845
R06,14,1390,30,ETS,0.7629596552547085,0.8813247934304217,71.52417787644842,54.97234441714093,53.106240504968106,0.38190946426821815
R06,15,1420,30,ETS,0.9277155440844325,1.139327519615404,35.05090208938786,71.73897107904253,55.11181450006529,0.4712977501487733
R06,16,1450,30,ETS,0.9766937826326679,1.445424375893198,40.75853365707701,79.27303951473736,68.78125229807522,0.5006482786523353
R06,17,1480,30,ETS,1.0074935829113378,1.3205205402629272,38.95788403108935,80.07527992232727,62.24219004806453,0.5190598801460663
R06,18,1510,30,ETS,1.5660393256397422,2.24424388871654,44.082259495698096,83.96642607611311,67.21198822488164,0.8112016799309234
R06,19,1540,30,ETS,3.147872098392398,4.093897449470802,54.57138548224671,78.01082219332099,63.550580721246256,1.627787719571721
R06,20,1570,30,ETS,2.6679765349019466,3.247721826506018,37.56221063675239,38.726610555337686,35.65224768243136,1.3551573629808342
R06,21,1600,30,ETS,2.864096717867737,3.4734715695815144,106.5145303813707,58.40696105354046,60.322171816927906,1.4386553663932031
R06,22,1630,30,ETS,1.7244839832971623,2.1241682346875224,59.480070086759774,42.66138658724248,42.4401308440647,0.8633994860296871
R06,23,1660,30,ETS,2.07676717530888,2.406591378496375,96.33982024251016,61.49219779330451,60.72418641254036,1.033367307253554
R06,24,1690,30,ETS,1.3550089515695836,1.7211837040144948,46.39801686352243,54.1131670024148,46.77821466868527,0.672024395683
R06,25,1720,30,ETS,1.6737149454560738,2.0656523502268596,162.88880021979105,70.06357947367329,58.317593918330104,0.8297735574907664
R06,26,1750,30,ETS,1.4668697559816144,1.7203556586800557,102.53808904312413,78.36448412358237,79.43338028781305,0.7262580622091269
R06,27,1780,30,ETS,1.3300407197015487,1.8604940112800954,61.64206161801893,88.3583038894865,68.09082182772434,0.6587508328646259
R06,28,1810,30,ETS,1.0752473919509844,1.2769627158607366,40.66163191466456,98.33058663111383,86.48102348131242,0.5334154924987339
R06,29,1840,30,ETS,1.3872451439254525,1.7609472259216532,55.45308044451477,91.34948559132918,70.65764739857993,0.6928196998877479
R06,30,1870,30,ETS,1.7740709702759603,2.452060582174569,52.16882806820732,58.224378368250626,50.736062066996,0.8885262984068576
R06,31,1900,30,ETS,2.861741202706602,3.6697240477791304,43.95661118849245,47.124645562183005,41.75692416400683,1.4329718644622247
R06,32,1930,30,ETS,3.1231590532510856,3.5476230348848463,79.08342973925332,66.472427290087,65.52081929897382,1.5496735797982237
R06,33,1960,30,ETS,1.9494456733896377,2.6085349887217872,41.99275621242885,44.06337266889903,40.472920554802165,0.9539039122999745
R06,34,1990,30,ETS,2.335295207838615,2.770229692502489,95.08668349346249,51.738173393068095,53.99942672665211,1.1409651490605512
R06,35,2020,30,ETS,1.5715180065611498,1.9409641525364487,75.40706012882285,55.57723236450218,52.03702008480629,0.7619562300254139
R06,36,2050,30,ETS,1.505293952237955,2.1563311051772187,38.843899216936705,45.5752856285154,43.38022917112262,0.7293235562563487
R06,1,1000,30,SARIMA,1.090513423379212,1.343995208225865,57.326239064526796,63.00789292174511,57.29492592185002,0.5436812406222439
R06,2,1030,30,SARIMA,1.1155749499629268,1.4505753799667478,46.328731674821604,59.19751835280373,52.95450711849337,0.558454836699807
R06,3,1060,30,SARIMA,1.2187522638585142,1.3984631370654015,94.4344661274503,104.81007249604085,111.13242527585237,0.6118295509977165
R06,4,1090,30,SARIMA,1.0101450160931682,1.1437814485730162,44.353177430151895,78.6083574250687,58.18435292622171,0.5113869325671325
R06,5,1120,30,SARIMA,1.0734629376624585,1.236218827383795,61.529888113859435,73.22647813009192,69.15652425984565,0.5496209778665978
R06,6,1150,30,SARIMA,1.7082060397527532,2.209940882757457,48.70224408648631,82.46034642889192,63.42349157497846,0.8840395803813023
R06,7,1180,30,SARIMA,1.9007435989274528,2.452812524971535,77.62606414303455,58.71060226487741,52.02765325531349,0.9809854304687207
R06,8,1210,30,SARIMA,2.7885231317655146,3.4631740811364264,51.384662540330595,56.627116749966454,50.060256090578314,1.4292573823780683
R06,9,1240,30,SARIMA,2.4429919157614486,2.913609574939096,80.35965187352491,49.15759797090784,47.49822260067626,1.2268199718285129
R06,10,1270,30,SARIMA,2.20883271253437,2.6406648436145916,88.56595258215893,64.15702070723125,68.59728920914193,1.0970383463266578
R06,11,1300,30,SARIMA,1.447207539912543,1.7262557371155065,195.18690377199482,69.57437002059194,76.03542241221768,0.715938210857202
R06,12,1330,30,SARIMA,1.3234242443554318,1.8889536929692694,42.918439261683005,61.26533781282571,52.24043069824072,0.6569480488047377
R06,13,1360,30,SARIMA,1.6015208532989285,1.8021932970192271,90.05878036682373,94.08085716301053,113.04853082110083,0.7992575114094961
R06,14,1390,30,SARIMA,0.7538279506879714,0.8573637282424547,72.25644545557677,55.566586841586265,52.470623017724215,0.3773384697537389
R06,15,1420,30,SARIMA,0.939016274167683,1.0776206625953293,39.126043580974304,73.34399165161909,55.78314500006037,0.4770387433845078
R06,16,1450,30,SARIMA,0.963634576306618,1.4952227489034946,38.06699478433661,78.29086261443484,67.86158988074774,0.49395419573304067
R06,17,1480,30,SARIMA,1.0664424770889345,1.3544561209553176,41.74524129030939,82.48048060117569,65.88400805738887,0.5494303028123307
R06,18,1510,30,SARIMA,1.6633367834814718,2.3192081101264193,47.739455242869305,87.72552780534248,71.38784478461253,0.8616013473990289
R06,19,1540,30,SARIMA,3.1659809577374376,4.111489194340763,57.094091899813684,78.97740481704848,63.91617007545298,1.637151943382581
R06,20,1570,30,SARIMA,2.7435735874631653,3.2772441471878837,38.378173559529586,39.997724418937764,36.66245328458573,1.3935557150869369
R06,21,1600,30,SARIMA,2.792195103325492,3.4042175054975594,105.98974358911535,57.70822088008376,58.80781599253354,1.4025386937374884
R06,22,1630,30,SARIMA,1.715579918980041,2.0820686702763487,59.6374014004463,42.59484974538583,42.2209988264161,0.8589414773561133
R06,23,1660,30,SARIMA,2.0401318120419805,2.3992052893583513,94.39962629323534,61.096013198734056,59.65297696029184,1.0151381156814456
R06,24,1690,30,SARIMA,1.3315511112207246,1.7082173785810235,43.60343410183616,53.08613216570692,45.968392792430066,0.6603903463535032
R06,25,1720,30,SARIMA,1.623800297023473,1.9843800230485993,143.29650633472414,68.89518449472635,56.5784075617935,0.805027494540642
R06,26,1750,30,SARIMA,1.4616725763532437,1.7420419013432134,99.68075653694983,77.21964808199829,79.15194456786519,0.7236849001472181
R06,27,1780,30,SARIMA,1.3638241247354592,1.87573800194135,57.13689234421621,90.57541303393359,69.8203476827027,0.6754832876484804
R06,28,1810,30,SARIMA,1.1070958142875398,1.284797744685442,42.53870291707316,99.6049511631925,89.04255878988256,0.5492150582666979
R06,29,1840,30,SARIMA,1.2470922587861304,1.6720221134507136,45.498895968645925,80.45773846412743,63.51913032866538,0.6228243711992194
R06,30,1870,30,SARIMA,1.7662699524967824,2.475315919621447,49.83111669603094,57.48847346417831,50.51296336978406,0.884619234051895
R06,31,1900,30,SARIMA,2.861262844481459,3.64398229252714,44.90837743461969,47.04862267064123,41.74994422881505,1.4327323341101734
R06,32,1930,30,SARIMA,3.128261555284047,3.5594998621546465,78.80170159775366,66.43485060643424,65.62786479616881,1.552205379318045
R06,33,1960,30,SARIMA,1.9020560988106763,2.5694283150492194,40.14350183494551,43.07011228203437,39.48905395454692,0.9307152175801563
R06,34,1990,30,SARIMA,2.2752048909491696,2.7300127338125684,92.01100319295432,50.899842984277974,52.609948148971085,1.1116065664125283
R06,35,2020,30,SARIMA,1.5721818374453098,1.9177671924410162,75.80523905862192,56.1283201340425,52.05900123991093,0.7622780908477254
R06,36,2050,30,SARIMA,1.4916243723644451,2.1414928332355085,38.349016811956766,45.22550377979055,42.98629315171312,0.72270056638048
