category,fold,train_end,horizon,model,MAE,RMSE,MAPE,sMAPE,WAPE,MASE
M01AB,1,1000,30,Naive,2.6733333333333333,3.565338693588591,70.78806659772752,44.15117863786839,43.32324978392393,0.9742678182572059
M01AB,2,1030,30,Naive,2.5665555555666666,3.1590399971715506,77.80553830046345,46.37033489649929,44.338445591983536,0.929551483885736
M01AB,3,1060,30,Naive,2.595666666666667,3.1824691671719303,51.49383166809064,59.54735491218533,49.652489957278576,0.9335718579645594
M01AB,4,1090,30,Naive,4.381652777766665,4.807065518023914,239.0991029505913,58.077099869958445,73.11267517470922,1.5754642925084492
M01AB,5,1120,30,Naive,2.6974444445666665,3.2980773300850914,73.85752061344185,46.5773496466012,46.21769549484325,0.9730147520190918
M01AB,6,1150,30,Naive,4.533666666666667,5.4376045583816905,72.93068655127904,121.61934770446268,81.92879946991147,1.638116969947016
M01AB,7,1180,30,Naive,2.441666666666667,3.0159382177580056,111.56631320646306,51.943169807818315,46.03154653428016,0.8803202552371907
M01AB,8,1210,30,Naive,3.6333333333333333,4.120188507014373,200.69239956769195,65.76976180727105,82.37605804111246,1.295336070990999
M01AB,9,1240,30,Naive,2.6013333333333333,2.9605078393185633,135.31446017419654,62.83038129156634,66.99862637362637,0.9278176595543367
M01AB,10,1270,30,Naive,1.9569999999999999,2.501440251801616,46.92372989669729,38.86936315235966,39.137390840610614,0.6969662761878053
M01AB,11,1300,30,Naive,1.9741666666666666,2.569718694072693,44.373798862761724,46.547757116428556,41.72390714713445,0.7002268163598009
M01AB,12,1330,30,Naive,2.713666666666667,3.7444176227196313,46.290568895839215,52.79728930808307,48.07204015352819,0.962041300485813
M01AB,13,1360,30,Naive,2.0483333333333333,2.5901344881427812,104.08354491386889,51.337798513775304,47.21475220898963,0.7240996855977084
M01AB,14,1390,30,Naive,3.6456666666666666,4.20218871541962,178.48196365961263,64.87080651983923,71.48833257075626,1.2860505769254216
M01AB,15,1420,30,Naive,8.701333333333334,9.132119505715345,349.46531009743177,103.86964536436234,187.98790148350858,3.0604966001357563
M01AB,16,1450,30,Naive,3.9170000000000003,4.736135203588119,64.54685984481908,98.6370783476063,70.81048508586923,1.3802368674887375
M01AB,17,1480,30,Naive,2.4756666666666662,3.0606148619735434,82.37411045262253,66.57140476415766,56.768325307651146,0.8701355792542694
M01AB,18,1510,30,Naive,3.1556666666666664,3.9797056005019598,62.04319796008002,100.74543473828699,75.93647228683726,1.1083131464038354
M01AB,19,1540,30,Naive,3.534,4.374621507437339,59.3872516936545,89.22700740701697,66.25421822272216,1.24352741437069
M01AB,20,1570,30,Naive,2.454333333333333,2.86789760393684,66.12714940925521,48.07207460620088,43.13668053195852,0.8663963719122617
M01AB,21,1600,30,Naive,3.3329999999999997,3.7650157148853087,109.54508390856901,63.35506562185258,66.36357602707903,1.1673507063436308
M01AB,22,1630,30,Naive,2.3609999999999998,2.89653413582509,69.77919943657297,57.924363496120115,53.1876548772246,0.8256068859771581
M01AB,23,1660,30,Naive,2.9216666666666673,3.3310764026062207,99.13256106100798,58.18865071333021,61.651543926285434,1.0204616415095644
M01AB,24,1690,30,Naive,2.4316666666666666,2.863938430436893,84.00395176311731,48.60144962471098,49.73072465744085,0.8478311310299803
M01AB,25,1720,30,Naive,2.305333333333334,2.9513623972667267,42.1055728522512,51.41697599751267,47.41532976827096,0.8038133802125172
M01AB,26,1750,30,Naive,3.069,4.111427570402605,46.15952323783855,66.13045534628424,57.31092436974789,1.0693835841455082
M01AB,27,1780,30,Naive,3.841,4.402961503352034,123.12961980502169,68.37636487684235,85.56471374470928,1.3360231521870245
M01AB,28,1810,30,Naive,4.7813333333333325,5.536261674933125,83.6908630409395,131.31838891251107,83.0573248407643,1.6616838871054125
M01AB,29,1840,30,Naive,2.6369999999999996,3.3812497689463874,46.22057189642984,47.27069285839715,43.53161283222362,0.9110917245124264
M01AB,30,1870,30,Naive,2.3710000000000004,3.4438539457996757,66.55239531299938,60.91268153659575,54.551729427103325,0.819001056853891
M01AB,31,1900,30,Naive,3.550000000000001,3.932818327866163,107.08765788702839,58.4888616410257,73.43814646255692,1.230045009124611
M01AB,32,1930,30,Naive,2.7293333333333343,3.843610282013513,48.54587991400399,54.94531156529874,49.24816552387829,0.9478312272456985
M01AB,33,1960,30,Naive,2.3719999999999994,3.067619055011014,86.37449345571386,49.1176982407146,43.69397028122312,0.817215836556317
M01AB,34,1990,30,Naive,2.456666666666666,3.2190267680361613,43.13201043112225,51.127277498556076,46.25910118001505,0.8479925126839738
M01AB,35,2020,30,Naive,2.3713333333333333,2.913324561390302,59.751691457023966,44.1261489959944,38.416675666918664,0.8180407327159944
M01AB,36,2050,30,Naive,3.547666666666666,4.124411473168021,129.04284810528782,62.06186736243853,67.94994573197981,1.2180708636937672
M01AB,1,1000,30,Seasonal Naive,3.552333333333334,4.257026740186943,79.01807268626447,65.44831165231822,57.568063958513385,1.2946099924148435
M01AB,2,1030,30,Seasonal Naive,2.7325555555666656,3.6694374884301126,66.95649380730406,44.99526893215246,47.206173100279834,0.9896731305769032
M01AB,3,1060,30,Seasonal Naive,2.749,3.4371960471679044,71.41526575599819,63.81484831060338,52.58560224446852,0.9887205743718661
M01AB,4,1090,30,Seasonal Naive,3.0873472222999996,4.080014093866816,204.282810809183,59.837451060817926,51.51576951987798,1.110084608253232
M01AB,5,1120,30,Seasonal Naive,2.2605555556,2.8312035214366453,42.278476429265986,43.380024674130546,38.732092714028404,0.8154213918243879
M01AB,6,1150,30,Seasonal Naive,2.544333333333334,3.3446798551331236,58.741967502761725,54.29199955076726,45.97915788205531,0.9193255519157102
M01AB,7,1180,30,Seasonal Naive,4.080333333333333,4.836692740568359,183.0832220643672,85.94964286643338,76.92452711619431,1.4711263132229964
M01AB,8,1210,30,Seasonal Naive,3.3586666666666662,4.179973684127688,186.21354999071076,70.43783099521792,76.14873035066505,1.1974134175509452
M01AB,9,1240,30,Seasonal Naive,2.5750000000000006,3.047762567305181,116.07638681742311,63.05958267219004,66.32039835164836,0.918425348546547
M01AB,10,1270,30,Seasonal Naive,2.7573333333333334,3.4650733517969474,59.621731960024604,71.95342871724083,55.14299046730217,0.9819971106498937
M01AB,11,1300,30,Seasonal Naive,2.7565000000000004,3.417804485338505,70.17038840569319,56.21465138405498,58.258480397336996,0.977716447089468
M01AB,12,1330,30,Seasonal Naive,2.3626666666666662,3.4054211682746867,60.92829045219437,44.79507242023188,41.85414821375847,0.8376057901785334
M01AB,13,1360,30,Seasonal Naive,2.829,3.585003486748653,120.08091475336298,61.02379183053763,65.20937379946216,1.0000706316790482
M01AB,14,1390,30,Seasonal Naive,2.6013333333333333,3.642984124770973,79.62206649556617,54.77335056506978,51.009869926138954,0.9176500596439598
M01AB,15,1420,30,Seasonal Naive,3.5153333333333325,4.8984745924964574,105.25111482269412,65.62538652688495,75.94699697537085,1.2364387505758379
M01AB,16,1450,30,Seasonal Naive,4.099666666666668,4.762272916720894,79.2634686847884,102.93488749454609,74.11268454353723,1.4446032876558579
M01AB,17,1480,30,Seasonal Naive,2.596333333333333,3.236387389255701,174.16601497410426,60.401795003442324,59.53527478407092,0.9125469269976443
M01AB,18,1510,30,Seasonal Naive,2.7916666666666665,3.4411098015998656,77.00541554736898,73.13398319752568,67.17734819924601,0.9804713849299801
M01AB,19,1540,30,Seasonal Naive,2.590333333333333,3.543734847116339,45.58574849374229,56.13018920857606,48.56267966504187,0.9114743951211689
M01AB,20,1570,30,Seasonal Naive,3.075666666666666,3.6794868301616916,86.51069212804646,60.81924577121121,54.05706251098482,1.0857312676401518
M01AB,21,1600,30,Seasonal Naive,2.4096666666666664,3.4504313739975565,47.58426323362947,52.114014490930295,47.9790270126767,0.8439622218379944
M01AB,22,1630,30,Seasonal Naive,3.773,4.706244433374309,131.16627883491233,95.44553145158993,84.99662086055419,1.319362465392553
M01AB,23,1660,30,Seasonal Naive,3.739,4.331966066349089,86.17695938083469,97.03504647498916,78.89850179362735,1.3059347670065924
M01AB,24,1690,30,Seasonal Naive,2.7003333333333335,3.4726517245471076,64.04314579621881,53.897724163413706,55.22530506510327,0.9415051394755135
M01AB,25,1720,30,Seasonal Naive,2.7606666666666664,3.38655774103046,69.39342235124296,52.55339796840044,56.78047442753326,0.9625769830711488
M01AB,26,1750,30,Seasonal Naive,3.1319999999999997,3.957126903870197,66.37907632172269,61.866734305300874,58.48739495798318,1.0913357398317793
M01AB,27,1780,30,Seasonal Naive,3.5319999999999996,4.243002081859808,121.8632955934146,74.93676200741943,78.68122076186232,1.2285430287749466
M01AB,28,1810,30,Seasonal Naive,3.755333333333333,4.535624176082788,97.26450077859376,87.20672611534592,65.2345107122177,1.3051122889103164
M01AB,29,1840,30,Seasonal Naive,2.8583333333333334,3.476711568901472,71.65056769111547,49.318247950959275,47.18538491168217,0.987563081493371
M01AB,30,1870,30,Seasonal Naive,2.2756666666666665,2.793503773638642,94.29789632638268,53.012945861794606,52.35830968632564,0.7860706052497557
M01AB,31,1900,30,Seasonal Naive,3.573,4.986456657788173,91.87247769710605,56.47637518814869,73.91394290442696,1.2380143148175304
M01AB,32,1930,30,Seasonal Naive,2.8783333333333334,4.133250940039006,43.86077856743685,55.47184846584755,51.93672561048961,0.9995753110975334
M01AB,33,1960,30,Seasonal Naive,2.2599999999999993,2.7738721431721878,104.83778750396482,45.94943784256941,41.63084858160382,0.7786289167863729
M01AB,34,1990,30,Seasonal Naive,3.8743333333333334,4.605979808900599,91.98616486007558,74.79974805285835,72.9538036655787,1.3373428731242647
M01AB,35,2020,30,Seasonal Naive,3.5943333333333327,4.43388655696106,72.85410514953831,61.767045559924114,58.229830435252175,1.2399400085572907
M01AB,36,2050,30,Seasonal Naive,3.4050000000000002,4.163943243289146,107.12646838178657,63.26738753155144,65.21739130434783,1.1690870875347021
M01AB,1,1000,30,Moving Average,2.678857142857143,3.5463606524930626,55.18810219367415,45.270364196863845,43.41276700827261,0.9762809117185139
M01AB,2,1030,30,Moving Average,2.5343650793761907,3.113566351804792,74.42038021120813,46.094966054679404,43.78234008549808,0.9178927824619756
M01AB,3,1060,30,Moving Average,2.0655714285714284,2.5692273779733648,57.14583409666558,45.231589610671676,39.51230176442188,0.7429148669564418
M01AB,4,1090,30,Moving Average,1.7468750000333337,2.2233447039239147,102.95024452899494,32.556137294987145,29.148522469951548,0.6281052665772806
M01AB,5,1120,30,Moving Average,2.1759999999666664,2.699572576807535,46.38488792205488,41.60255995630611,37.2833277800442,0.7849207440122987
M01AB,6,1150,30,Moving Average,2.50547619047619,3.166919306069617,63.731132005391245,49.78701626674681,45.27696266145757,0.9052855816669176
M01AB,7,1180,30,Moving Average,2.4259523809523813,3.0160324999602257,109.67106893454644,51.76909130481951,45.73529279744326,0.8746546153692576
M01AB,8,1210,30,Moving Average,1.813142857142857,2.28426254492553,115.79393168903319,43.7865569693022,41.10813612022802,0.6464117462523364
M01AB,9,1240,30,Moving Average,2.216666666666667,2.61803870610552,112.78070919304201,57.15004286042238,57.09134615384615,0.7906185848329497
M01AB,10,1270,30,Moving Average,1.9570952380952382,2.835209202949545,35.07444400541034,38.94342823085134,39.13929547553972,0.6970001942974576
M01AB,11,1300,30,Moving Average,1.954785714285714,2.462885167915901,57.7429948277562,44.29035143632159,41.31429175284188,0.6933524917078454
M01AB,12,1330,30,Moving Average,2.1790000000000003,2.998951188547843,53.30450026211619,40.50165809462366,38.60053144375553,0.772492811850603
M01AB,13,1360,30,Moving Average,2.346428571428571,2.810509322713807,128.17493129684317,55.500240457146155,54.085944788979745,0.8294783681931205
M01AB,14,1390,30,Moving Average,2.4817619047619046,3.167073726074996,83.75654097803164,53.805768702223986,48.66517886323102,0.8754698718324715
M01AB,15,1420,30,Moving Average,2.335809523809524,2.9123841602025378,102.64018209512307,54.3052929938207,50.46398222258801,0.8215680094449624
M01AB,16,1450,30,Moving Average,2.8423333333333334,3.601469815218777,55.99822447941695,62.734960411723726,51.382946670683936,1.0015555926369215
M01AB,17,1480,30,Moving Average,2.3399523809523806,2.740330991974916,153.16750821542973,57.16004821569308,53.65632609384042,0.8224353657307419
M01AB,18,1510,30,Moving Average,1.9768095238095238,2.5115437565004375,71.84248746114002,52.34166026770547,47.56901075983453,0.694282449511271
M01AB,19,1540,30,Moving Average,2.2761904761904757,3.1941922850294238,44.27716823107469,48.70994949649427,42.67323727391218,0.8009352737612712
M01AB,20,1570,30,Moving Average,2.4257619047619055,2.836934474196461,67.44506796380534,47.434019568509214,42.63451704426572,0.8563104631571475
M01AB,21,1600,30,Moving Average,2.428238095238095,3.376663157857569,52.23934659666738,51.96037616007627,48.34880391394627,0.8504666833623471
M01AB,22,1630,30,Moving Average,2.393,2.8699808361729526,74.58664105793977,58.37195226011628,53.90853795899977,0.8367968141225495
M01AB,23,1660,30,Moving Average,2.0556666666666663,2.587668835071443,56.12602860114699,47.023055212586144,43.37764647956671,0.7179905240375906
M01AB,24,1690,30,Moving Average,2.092333333333334,2.4880213021596096,62.900839188376466,43.913132034815035,42.79091962642307,0.7295183015044808
M01AB,25,1720,30,Moving Average,1.9603809523809521,2.3099217232077236,57.937300846838966,42.29570800710715,40.320463849875615,0.6835369172227732
M01AB,26,1750,30,Moving Average,2.127190476190476,2.8521849722004813,45.46587877351938,40.50415503226476,39.72344493352896,0.7412129604394792
M01AB,27,1780,30,Moving Average,1.9110000000000007,2.4760079374110355,62.81605157078835,46.68962720190107,42.57072844731567,0.6647071710047916
M01AB,28,1810,30,Moving Average,3.5563809523809526,4.113726417010932,87.20614262298308,83.46476319805393,61.77847630076928,1.2359692397476363
M01AB,29,1840,30,Moving Average,2.2220476190476193,2.924208910988071,57.35592089754855,38.683704801987155,36.68157627878092,0.7677243827026268
M01AB,30,1870,30,Moving Average,2.1208095238095237,2.816198177840251,116.00961764604862,50.62334785948474,48.795372125382094,0.7325791823643175
M01AB,31,1900,30,Moving Average,1.773619047619047,2.18250866702349,57.5775957044326,36.63863547428915,36.6905057430502,0.6145440162287756
M01AB,32,1930,30,Moving Average,2.80447619047619,3.9468039252653275,46.93543212028929,57.025967723373164,50.604045299101244,0.9739265178555402
M01AB,33,1960,30,Moving Average,2.1053333333333333,2.7347954692267944,103.1023942481578,42.60810491250364,38.78177575832002,0.7253422180564502
M01AB,34,1990,30,Moving Average,1.8881904761904762,2.4207191544022195,51.359872224289404,36.57210294398502,35.55467881352892,0.6517658288998825
M01AB,35,2020,30,Moving Average,2.352285714285714,2.9103996265795797,62.104399260396214,43.517005272025166,38.10809559810531,0.8114698605306375
M01AB,36,2050,30,Moving Average,2.799285714285715,3.197518329796994,90.74852572428604,54.41590547057018,53.6158918652694,0.9611185852839308
M01AE,1,1000,30,Naive,1.2523333333333333,1.5380100346443344,40.38694926552498,30.633355178651843,29.26058038287201,0.557105158012953
M01AE,2,1030,30,Naive,2.3168,3.05452186111018,64.60580860882882,67.84645548315241,56.23573959900966,1.0391682090572376
M01AE,3,1060,30,Naive,1.948766666666667,2.3420431464855636,76.05803370050661,51.08231440801539,50.10412827918378,0.8720943015512597
M01AE,4,1090,30,Naive,1.2638694444666667,1.7117187065688486,45.705422037773886,27.969272123875506,25.52450867414687,0.5676043020367877
M01AE,5,1120,30,Naive,1.8595027777,2.471243134828327,91.18434324240245,43.525523617195724,39.42364602360615,0.8385131842587412
M01AE,6,1150,30,Naive,1.4957666666666667,1.8195768830509287,68.71645186909561,39.43801459573662,37.62651036819024,0.6739481259031025
M01AE,7,1180,30,Naive,2.626066666666667,3.012964121923791,212.27099298547034,72.78370308245562,88.5907700611731,1.1883279363339445
M01AE,8,1210,30,Naive,1.595533333333333,2.0140269610906403,60.91136586913348,45.15901541202021,40.02307769490617,0.721197790202652
M01AE,9,1240,30,Naive,2.345266666666667,2.5929561250948057,107.86411040147156,58.39737665213834,65.47366461939326,1.0629898884816802
M01AE,10,1270,30,Naive,1.6875666666666667,2.2656284117215693,65.29025101644149,48.86806748460389,44.74919344146374,0.7673036598709124
M01AE,11,1300,30,Naive,2.2593666666666667,2.7389693864663767,62.61838450515669,93.66793068042331,70.56037309626177,1.023224568937002
M01AE,12,1330,30,Naive,2.0124666666666666,2.6446390932097583,49.44527008022529,55.628524627117294,48.80836890441081,0.9115619075684087
M01AE,13,1360,30,Naive,1.6869666666666667,2.149228101745679,48.87369428486679,57.06539616799735,49.67559555943816,0.7630246386401648
M01AE,14,1390,30,Naive,2.3556000000000004,2.60107158686569,128.8053647993275,62.614080181560425,66.74726561762093,1.0700946597710648
M01AE,15,1420,30,Naive,3.0779333333333336,3.5172093862416927,80.04051696835768,133.10905408546333,83.42940783172808,1.3975914812687147
M01AE,16,1450,30,Naive,1.8774666666666666,2.569674700553879,51.867370157648075,59.30832793427195,51.9009970328597,0.8528038300009687
M01AE,17,1480,30,Naive,2.7554333333333334,3.3038399830096696,52.42930972996981,68.73310135679414,56.273528710984046,1.238772439443358
M01AE,18,1510,30,Naive,1.5175000000000003,1.8396212925490942,60.15885944008763,44.72858709598107,43.40964785979232,0.6814228535561762
M01AE,19,1540,30,Naive,1.8125,2.3612342888130913,49.50468761509118,61.95268497118316,51.49781696610377,0.8138530678726407
M01AE,20,1570,30,Naive,2.2900333333333336,2.6701277185433163,570.7386251199235,65.39990629343713,61.651186790505676,1.031681024805483
M01AE,21,1600,30,Naive,4.6107,4.92766078716193,584.783150487946,87.18038620739992,134.79082820920104,2.063820371065659
M01AE,22,1630,30,Naive,1.4569999999999999,2.0692249595762497,29.78224001111182,33.48130494913122,34.094631909018574,0.6550330384869011
M01AE,23,1660,30,Naive,1.3077333333333334,1.7183197218988862,50.71246232506312,35.20020562215059,33.71199752522041,0.5874192272189916
M01AE,24,1690,30,Naive,2.4004333333333334,2.718384023643458,120.84898123134589,64.19016009014705,74.88794833664377,1.0825196071393757
M01AE,25,1720,30,Naive,2.5111333333333334,3.0820144061960515,159.59116018213962,67.42017714466937,54.80988897457911,1.1379780259781578
M01AE,26,1750,30,Naive,2.733133333333334,3.105056714457886,175.61303823018392,65.04921681148322,76.7978569956728,1.2360936462261938
M01AE,27,1780,30,Naive,1.7272666666666665,2.2437380566070244,34.02033647188606,53.08976740206087,45.25431425976384,0.7805879528219379
M01AE,28,1810,30,Naive,2.1298333333333335,2.648911078160231,70.35423900229172,60.0797956188295,51.494588212538595,0.9643833869959391
M01AE,29,1840,30,Naive,3.0990666666666664,4.000128297942454,40.07641152577173,48.31942470345591,43.5588455772114,1.3987000845672806
M01AE,30,1870,30,Naive,3.374200000000001,3.6706562356069248,183.14064088487603,76.10511381876191,107.36286114292987,1.514373724203527
M01AE,31,1900,30,Naive,3.4300666666666673,4.032648939179639,72.89526285909766,120.47387553287837,80.3871633022936,1.5460456778720746
M01AE,32,1930,30,Naive,3.028533333333333,3.5050358628693092,495.1477628353265,78.97180435735476,101.08814170319762,1.3603937186863766
M01AE,33,1960,30,Naive,1.8153333333333337,2.207941107306382,67.19315323518137,84.69482460115746,65.87000169331625,0.8153311997596377
M01AE,34,1990,30,Naive,1.2970666666666666,1.5531855222949595,35.672232553727156,34.74200266314138,32.7707596429173,0.5847446100551196
M01AE,35,2020,30,Naive,2.7078333333333333,3.1347685241497496,318.0048372005642,78.71072661732313,93.3746364900746,1.2258366198967934
M01AE,36,2050,30,Naive,1.7664666666666666,2.4427470738221477,59.658279668212074,59.17449360974444,53.495790515031,0.797466511056692
M01AE,1,1000,30,Seasonal Naive,1.9752666666666667,2.3225097775179906,49.35291871963782,51.783642137990405,46.15180921821212,0.8787047498943724
M01AE,2,1030,30,Seasonal Naive,1.707566666666667,2.2290022207256768,83.20588237309242,45.61454706063605,41.44780490962344,0.7659051255377406
M01AE,3,1060,30,Seasonal Naive,1.6735666666666666,2.0167568602420403,61.50190612295031,46.916642678845975,43.02854743193096,0.7489393051670986
M01AE,4,1090,30,Seasonal Naive,2.106691666666667,2.527463422612785,67.82159330979252,45.169065055668426,42.54574707459387,0.9461161184806123
M01AE,5,1120,30,Seasonal Naive,2.1734333332999993,2.7377832050602318,104.30317053890816,51.70542404534078,46.07934304562217,0.9800751722100922
M01AE,6,1150,30,Seasonal Naive,1.6130333333333335,1.932672251917881,61.3744429074164,42.52595271279744,40.57639255737514,0.7267850101525869
M01AE,7,1180,30,Seasonal Naive,2.0825666666666667,2.6869964086317646,165.63608329119063,61.30678882367003,70.25571248650594,0.9423874042082689
M01AE,8,1210,30,Seasonal Naive,1.9736000000000002,2.3174137740161984,81.74108471100516,54.80957154472761,49.506672463962005,0.8920878862306989
M01AE,9,1240,30,Seasonal Naive,1.8234333333333335,2.1629660422669605,64.61374155602417,53.99909589868647,50.90545319188535,0.8264694259304322
M01AE,10,1270,30,Seasonal Naive,2.0425666666666666,2.603070641889433,57.84225037672675,65.26856357484424,54.16272594687763,0.9287152382307841
M01AE,11,1300,30,Seasonal Naive,1.9982333333333329,2.4219187503575204,99.28242647619953,65.32200645176974,62.40513840164061,0.904962205250239
M01AE,12,1330,30,Seasonal Naive,2.2134666666666667,2.7427740094048336,56.48440055449899,63.79796902677383,53.68322338636658,1.0026063688039986
M01AE,13,1360,30,Seasonal Naive,1.8051666666666668,2.2222774879238942,75.66215736644291,54.60490264019503,53.15619509418035,0.8164871723519161
M01AE,14,1390,30,Seasonal Naive,2.117,2.518574504225224,78.32330061831682,68.1902686982424,59.98639892702645,0.9617041920255323
M01AE,15,1420,30,Seasonal Naive,2.0383333333333336,2.6711959618617778,123.31799435858149,59.1191218218161,55.250365926381036,0.9255422369943241
M01AE,16,1450,30,Seasonal Naive,2.854466666666667,3.404072570710951,108.9599490212739,100.5102559459194,78.90934557048342,1.2965876567414063
M01AE,17,1480,30,Seasonal Naive,2.4394666666666667,2.8593888158136176,54.33603026335141,60.22466656474863,49.820620170870356,1.0967218974416935
M01AE,18,1510,30,Seasonal Naive,3.074733333333333,3.4704392709473155,133.09566783170638,69.74099180983508,87.95590857513372,1.3806876849583478
M01AE,19,1540,30,Seasonal Naive,1.8597,2.5436809744934603,52.703528769311845,63.01084555167393,52.83889115137279,0.8350469243159998
M01AE,20,1570,30,Seasonal Naive,2.7148666666666674,3.4120592413770696,732.3072956835595,85.60630343723896,73.08834746713332,1.2230723387768356
M01AE,21,1600,30,Seasonal Naive,2.2208666666666668,2.674776651111889,139.7169005095848,70.1210932457476,64.92559857336362,0.9940941436413893
M01AE,22,1630,30,Seasonal Naive,2.3069333333333333,2.648263682742588,57.803561238241095,76.61430746677117,53.98355719879565,1.0371431372134856
M01AE,23,1660,30,Seasonal Naive,1.9016,2.7612888053709024,76.40143231747456,42.13634857232583,49.02125904411639,0.8541775100527385
M01AE,24,1690,30,Seasonal Naive,2.225633333333333,2.885783712154002,100.19404590012144,56.83841963982588,69.43459406620147,1.003690328816866
M01AE,25,1720,30,Seasonal Naive,2.5803333333333334,3.27910752085584,162.74459585225833,68.96144660636384,56.320300336132014,1.1693376030871745
M01AE,26,1750,30,Seasonal Naive,2.1229,2.5067596015573574,103.69633354268173,72.703827075426,59.6510124946144,0.9601080084787617
M01AE,27,1780,30,Seasonal Naive,1.6050999999999997,2.1517409308123816,36.12476285946843,46.65177323473727,42.05355271431564,0.7253782795984942
M01AE,28,1810,30,Seasonal Naive,2.2779666666666665,2.786242732905133,51.30176181649251,68.47879162710733,55.076119631531014,1.0314578023932306
M01AE,29,1840,30,Seasonal Naive,3.092399999999999,3.885321196503578,48.80905455554965,53.527029580806285,43.465142428785605,1.3956912215019115
M01AE,30,1870,30,Seasonal Naive,3.1180000000000003,3.652826339516658,168.09823343151217,70.52645429456284,99.21089474354078,1.3993886764467418
M01AE,31,1900,30,Seasonal Naive,2.419633333333333,3.1003524477065505,75.08817090273328,69.117572145895,56.70661208674457,1.0906096063347261
M01AE,32,1930,30,Seasonal Naive,2.1600000000000006,2.637335991741161,407.5213040860744,69.64543340473068,72.09773248180868,0.9702552717583566
M01AE,33,1960,30,Seasonal Naive,1.782733333333333,2.1212907548628657,141.3030504031085,68.7442585156912,64.68709934928275,0.8006893724852173
M01AE,34,1990,30,Seasonal Naive,1.8802333333333336,2.4460160738092735,46.27770922607252,57.35280607323665,47.504631969007924,0.8476482632447352
M01AE,35,2020,30,Seasonal Naive,2.347766666666667,2.7318035861557353,286.56796146946976,75.53079200653168,80.95840182071058,1.0628343774135638
M01AE,36,2050,30,Seasonal Naive,2.2319,2.883322845838345,79.21363242855118,74.0147168028963,67.59100361389837,1.0075851073861744
M01AE,1,1000,30,Moving Average,1.274142857142857,1.5316926780082045,34.53217535769924,31.54424961459786,29.770156633503415,0.5668072060896834
M01AE,2,1030,30,Moving Average,1.5397333333333336,2.314254437178419,68.97149127671604,39.588541129694136,37.3739825557875,0.6906258332293383
M01AE,3,1060,30,Moving Average,1.7728619047619047,2.132980699224751,64.28457587176163,48.48063641401109,45.58149614156059,0.7933750053436373
M01AE,4,1090,30,Moving Average,1.23742658732381,1.687514772666821,47.475872695122064,27.3015942033913,24.990481255834776,0.5557288037104845
M01AE,5,1120,30,Moving Average,1.8209829364904764,2.4402070410378807,84.21661626059678,43.28659468712818,38.606980083150766,0.8211432748952878
M01AE,6,1150,30,Moving Average,1.391995238095238,1.6825842589408042,57.17269309583527,37.80037210750842,35.016105403246,0.6271917959443286
M01AE,7,1180,30,Moving Average,1.8380761904761906,2.2316264222390303,153.8833649098711,60.453448374857224,62.00778800185063,0.8317524128302644
M01AE,8,1210,30,Moving Average,1.3621142857142858,1.8003548996311396,64.6481732058991,37.78464089699639,34.167889035944825,0.6156899341039194
M01AE,9,1240,30,Moving Average,1.4060666666666664,1.8984169552694217,52.53330654262942,40.74939107943729,39.25367578633909,0.6372983807944259
M01AE,10,1270,30,Moving Average,1.815957142857143,2.441118886848384,55.688637786849235,53.94346203462529,48.15372279640632,0.8256803060914204
M01AE,11,1300,30,Moving Average,1.3314809523809523,1.6354982046920812,75.22502352361934,44.81813756088629,41.58235763882176,0.6030026217735777
M01AE,12,1330,30,Moving Average,1.7446476190476188,2.392475084779884,46.39139945070724,45.90280732543853,42.31295156789918,0.7902512563290803
M01AE,13,1360,30,Moving Average,1.5767857142857145,1.8405831209619596,70.75775564116707,50.573608898937586,46.431130486725856,0.7131891658731636
M01AE,14,1390,30,Moving Average,1.6828,2.1625740372682425,71.5064778933561,49.99245080159786,47.68309499971664,0.7644571631273338
M01AE,15,1420,30,Moving Average,1.668180952380952,1.9604655038629817,92.93375509853409,48.08001636028842,45.217142134325314,0.7574678317471734
M01AE,16,1450,30,Moving Average,1.8568666666666667,2.4295976221263835,59.21529425427977,57.71141506706222,51.3315272479313,0.8434466684545481
M01AE,17,1480,30,Moving Average,2.2295190476190476,2.782096607109918,45.898124835276406,51.415974510540806,45.532912235659104,1.0023348110053396
M01AE,18,1510,30,Moving Average,2.738433333333333,3.1252336605977686,141.2519797648936,65.21265063195611,78.33570127678239,1.2296745016628343
M01AE,19,1540,30,Moving Average,1.5784333333333336,2.152183209363614,45.44712453521729,51.60284043600053,44.84737704452253,0.7087518955949087
M01AE,20,1570,30,Moving Average,2.033938095238095,2.558180953028025,439.74435963577685,62.00512395779207,54.75671275375138,0.9163077706959797
M01AE,21,1600,30,Moving Average,1.3988238095238095,1.7949750436936422,219.35515680633398,43.58459256252527,40.89370807132626,0.6261350930719646
M01AE,22,1630,30,Moving Average,1.4668571428571429,2.0919195936733703,29.63789130265016,33.7335375469943,34.325294680047335,0.6594645788002256
M01AE,23,1660,30,Moving Average,1.4262666666666663,1.7918722698039937,58.71822345674946,37.63775678853622,36.767662880024744,0.6406630784626378
M01AE,24,1690,30,Moving Average,2.0789095238095245,2.358644713897063,104.0171896975424,59.22778496161365,64.85715177076543,0.9375225255131406
M01AE,25,1720,30,Moving Average,2.079514285714286,2.646235540547066,185.4117490608719,52.43378622965405,45.38904629558414,0.9423798929502704
M01AE,26,1750,30,Moving Average,1.6875142857142857,1.9898524288085722,103.46537122004551,49.12491497135256,47.417182034944254,0.7631993876944759
M01AE,27,1780,30,Moving Average,1.527771428571429,1.927445235552601,35.60035598453765,45.23947316027183,40.02754738449561,0.6904318799307689
M01AE,28,1810,30,Moving Average,2.2596904761904764,2.82738874276621,58.07113939804944,67.29298116178974,54.634242378538445,1.023182387506552
M01AE,29,1840,30,Moving Average,2.437780952380952,3.2524208720969217,36.03567066834258,35.7758206326477,34.26416256157635,1.1002423603617466
M01AE,30,1870,30,Moving Average,2.887342857142858,3.2288140755847006,161.98841694012367,69.73064407349251,91.87167039400718,1.2958675110022762
M01AE,31,1900,30,Moving Average,1.8628095238095237,2.3794124667814174,52.05154126992056,47.8343020454801,43.656869659931964,0.8396305065940364
M01AE,32,1930,30,Moving Average,1.789580952380952,2.203841895572428,332.5134235655031,62.420450437209205,59.73367072189919,0.8038659042990549
M01AE,33,1960,30,Moving Average,1.1179904761904764,1.428331954690196,99.67265800369798,45.28679687251335,40.566673462969945,0.5021295535836741
M01AE,34,1990,30,Moving Average,1.5304571428571425,1.881634282422893,36.305943660519056,42.05337581585103,38.66743665631992,0.6899618872374118
M01AE,35,2020,30,Moving Average,2.101109523809524,2.5201273203718006,255.326320985165,70.27491740667962,72.45288533694146,0.9511726460391313
M01AE,36,2050,30,Moving Average,1.5589142857142855,2.048296408450385,76.82646604343553,50.418570653824936,47.210260817900476,0.7037675603643845
N02BA,1,1000,30,Naive,3.078333333333334,3.474178559986039,87.3964320189955,55.97954808884127,61.017509084902564,1.1479020117674805
N02BA,2,1030,30,Naive,1.9483333333333335,2.373797941415121,41.75346160042675,47.17778293769071,41.32202191587134,0.7248901833078629
N02BA,3,1060,30,Naive,1.5533333333333337,2.164601579968009,104.71032024700955,47.23624032607667,43.10823311748382,0.5817061616768001
N02BA,4,1090,30,Naive,4.546805555533333,5.144139566110643,81.92232632546602,102.89875015475454,71.9383831055442,1.7035290528490799
N02BA,5,1120,30,Naive,3.446111111366667,3.93528494454703,120.84169454639162,65.07781711188963,79.8018783019699,1.280809691203546
N02BA,6,1150,30,Naive,1.6933333333333331,2.0176719257599833,64.62232924284166,53.19170885582499,47.34389561975768,0.6304070051302729
N02BA,7,1180,30,Naive,1.5833333333333328,2.029080251411133,98.36189555950709,48.65428936806226,43.98148148148147,0.5914513191537872
N02BA,8,1210,30,Naive,1.6733333333333333,2.2213359343722265,77.28167503286254,61.90452587301636,54.50597176981542,0.6247139083892379
N02BA,9,1240,30,Naive,1.7266666666666668,2.28392936259713,46.88359697122041,68.94486355121116,56.7982456140351,0.6445386116768242
N02BA,10,1270,30,Naive,2.896666666666667,3.3847944299962047,155.65924463943264,74.03394491570285,92.84188034188035,1.0861509951438513
N02BA,11,1300,30,Naive,1.0116666666666665,1.4103486566566912,38.416849101927966,43.01906457799672,39.39000648929266,0.3797156207700236
N02BA,12,1330,30,Naive,1.535,1.9019945671145682,115.01142089622421,59.94041840956024,52.181303116147305,0.5828014866739157
N02BA,13,1360,30,Naive,1.22,1.5677478538761689,62.684541351780666,50.54111460984155,43.779904306220104,0.46539980043741364
N02BA,14,1390,30,Naive,2.453333333333333,2.777648885898528,120.38566287951986,66.95090018409763,69.96197718631177,0.9427751258923888
N02BA,15,1420,30,Naive,2.7849999999999997,3.1732081557943848,65.9925602992502,108.84222491044757,74.89914836396235,1.0706563747531972
N02BA,16,1450,30,Naive,1.5066666666666666,1.8136059844041832,58.4920433461028,50.04700738357452,46.16956077630234,0.58178108844859
N02BA,17,1480,30,Naive,2.2499999999999996,2.921044333795706,61.334086987034986,66.63891395393208,56.34390651085142,0.8710920446699311
N02BA,18,1510,30,Naive,2.8116666666666665,3.552522577924969,58.2861863569873,89.14531116390664,67.77822418642025,1.091829830045521
N02BA,19,1540,30,Naive,1.7983333333333333,2.377691457415505,142.63614677881625,78.62999863031102,62.55072463768116,0.6969549421231953
N02BA,20,1570,30,Naive,3.0316666666666667,3.6126513809112555,100.0,200.0,100.0,1.178010106758133
N02BA,21,1600,30,Naive,2.0583333333333336,2.659652232905648,88.38081653069882,94.96647721369243,72.51908396946567,0.8009867581328644
N02BA,22,1630,30,Naive,1.675,2.085325713967325,81.25893102133467,57.1330690959019,55.802332037756806,0.6534904869150461
N02BA,23,1660,30,Naive,1.7133333333333334,2.0212207532413013,89.87446341219926,67.1084596428324,60.32863849765258,0.67092337661507
N02BA,24,1690,30,Naive,2.6550000000000002,3.2512433519091326,100.0,200.0,100.0,1.042595945174386
N02BA,25,1720,30,Naive,1.4050000000000002,1.6712021621176374,81.91456451562317,47.87979933512535,48.926291352292516,0.5537366841163288
N02BA,26,1750,30,Naive,2.145,2.5253877590052056,105.03351067860353,70.12800853382896,66.78775298391282,0.8512491982686016
N02BA,27,1780,30,Naive,2.0349999999999997,2.4987496873436523,217.39601551671845,70.22126130569526,72.80858676207511,0.8085627008630286
N02BA,28,1810,30,Naive,2.6166666666666667,3.1951786595848857,91.33793406552371,174.3020335001236,95.15151515151516,1.040639384931248
N02BA,29,1840,30,Naive,1.7216666666666667,2.0964851537752422,52.45777328806467,52.12929857669306,45.52666372851476,0.6841790789794034
N02BA,30,1870,30,Naive,1.8016666666666667,2.4824551019773415,207.25822514233477,61.33425590935535,54.789660415610754,0.7176225296151143
N02BA,31,1900,30,Naive,2.5450000000000004,2.817223810775424,144.30396319829285,74.13950986539174,92.82674772036476,1.013703780933085
N02BA,32,1930,30,Naive,2.5033333333333334,2.8785991963684925,118.04398825751683,69.68710992818079,81.54180238870794,1.0006450061289092
N02BA,33,1960,30,Naive,1.8933333333333333,2.3204166292571973,130.71622590199757,54.36116033355044,52.39852398523984,0.759050115807242
N02BA,34,1990,30,Naive,1.3216666666666665,1.7829049329675433,42.4854176974846,51.14090381055235,41.453214845791955,0.5314154485825521
N02BA,35,2020,30,Naive,1.725,2.0238782901482324,222.09367681003957,61.2624646728244,62.841530054644814,0.6933261746317205
N02BA,36,2050,30,Naive,0.9516666666666667,1.3532368602724358,29.286554116961227,39.06098536365271,35.44382371198014,0.38382238934819357
N02BA,1,1000,30,Seasonal Naive,2.5800000000000005,3.1352565020000087,58.69127810487297,57.372660007375906,51.13974231912787,0.9620748858776718
N02BA,2,1030,30,Seasonal Naive,2.658333333333333,3.222615397468336,71.4240575678214,70.75301702761816,56.380346412159774,0.989050335651019
N02BA,3,1060,30,Seasonal Naive,2.701666666666667,3.1777481544850805,149.26470964740503,73.46903763050939,74.97687326549492,1.0117443005129754
N02BA,4,1090,30,Seasonal Naive,4.05125,4.825658238170036,95.03940417800646,93.60517455732145,64.09783110290725,1.517861714353718
N02BA,5,1120,30,Seasonal Naive,3.0013888884,3.9917040699452184,106.07549595353731,56.88247908983198,69.50340922524505,1.1155206118147516
N02BA,6,1150,30,Seasonal Naive,2.1283333333333334,2.7028225986919674,70.81610984811427,59.96516406465826,59.50605778191984,0.7923521117631482
N02BA,7,1180,30,Seasonal Naive,2.09,2.5284052945153657,91.12509154115827,72.30029225015048,58.05555555555555,0.7807157412829994
N02BA,8,1210,30,Seasonal Naive,2.576666666666666,3.1404352140003353,159.77657138000612,73.10827125325943,83.93051031487512,0.9619598629180892
N02BA,9,1240,30,Seasonal Naive,2.201666666666667,2.83562162497044,79.38608328732978,89.37958147686894,72.42324561403511,0.8218489440396574
N02BA,10,1270,30,Seasonal Naive,2.183333333333333,2.7850493711961377,76.91033405232012,90.77508093547694,69.97863247863249,0.818675376086562
N02BA,11,1300,30,Seasonal Naive,1.5216666666666663,1.868354891341578,74.48631833211233,56.198995721891066,59.247242050616464,0.5711373340412381
N02BA,12,1330,30,Seasonal Naive,1.8749999999999998,2.373095727806473,166.68782414576677,61.46857268296281,63.739376770538236,0.711891066784099
N02BA,13,1360,30,Seasonal Naive,1.725,2.204521868040022,77.73806536381699,88.16850222271626,61.90191387559809,0.658044799798802
N02BA,14,1390,30,Seasonal Naive,2.6666666666666665,3.0813957876261204,117.15096494916118,97.75192865564198,76.04562737642584,1.0247555716221617
N02BA,15,1420,30,Seasonal Naive,2.648333333333333,3.1611574884315186,92.58753064655724,79.17470294361402,71.22366651725682,1.018116684310491
N02BA,16,1450,30,Seasonal Naive,1.9,2.496430785474868,63.08243402505925,70.59218289618669,58.22267620020428,0.7336619920701246
N02BA,17,1480,30,Seasonal Naive,2.07,2.670674072214728,79.7150056404239,60.72801420152906,51.83639398998331,0.8014046810963368
N02BA,18,1510,30,Seasonal Naive,2.591666666666667,3.3642359211763573,57.14058243904474,76.02510286938437,62.47488951386099,1.0063991616602164
N02BA,19,1540,30,Seasonal Naive,2.858333333333333,3.8241883670481855,304.2005269830238,102.98518034018504,99.42028985507243,1.1077643426703243
N02BA,20,1570,30,Seasonal Naive,2.111666666666667,2.7084897390735425,104.32378576619475,107.93554873299816,69.65365585486532,0.8205271056968415
N02BA,21,1600,30,Seasonal Naive,2.5516666666666667,3.0081140270940527,237.13062993568462,96.80684940762278,89.90017615971814,0.992964151175235
N02BA,22,1630,30,Seasonal Naive,2.4949999999999997,2.8491372963290718,100.64943313627181,98.81661191841016,83.12048861743475,0.9734082178227103
N02BA,23,1660,30,Seasonal Naive,2.2416666666666667,2.715096683361386,87.3955442414562,101.48023767247025,78.9319248826291,0.8778131727113513
N02BA,24,1690,30,Seasonal Naive,2.441666666666667,3.0520894482305065,110.53747190698095,93.16572397036055,91.96484620213432,0.958821757489313
N02BA,25,1720,30,Seasonal Naive,1.5616666666666668,1.9005481665386261,80.86967588440915,56.84801861254235,54.38189204875218,0.6154819371494662
N02BA,26,1750,30,Seasonal Naive,2.438333333333333,3.1465722090342476,94.37129571126925,83.16939684538538,75.9211209133368,0.9676593450403761
N02BA,27,1780,30,Seasonal Naive,2.395,3.0200027593806382,195.20180451738406,81.03832759689612,85.68872987477637,0.9516008199346211
N02BA,28,1810,30,Seasonal Naive,2.7183333333333333,3.488564652308071,101.4516966731253,110.44035688654496,98.84848484848484,1.0810718705878124
N02BA,29,1840,30,Seasonal Naive,1.8483333333333334,2.4062938307696338,54.77641131532265,54.838058151850774,48.87615689731159,0.7345155843060586
N02BA,30,1870,30,Seasonal Naive,2.3183333333333334,2.9926437587301744,242.58486111805243,82.97537198539567,70.50177394830209,0.9234162245093653
N02BA,31,1900,30,Seasonal Naive,2.2933333333333334,2.868303796090412,117.53605838912533,80.32301850981408,83.64741641337388,0.9134619532180256
N02BA,32,1930,30,Seasonal Naive,2.063333333333333,2.6007050326145538,64.7182344888833,79.7030086615271,67.20955483170466,0.8247659904045201
N02BA,33,1960,30,Seasonal Naive,2.026666666666667,2.619191987363024,106.18085900603,56.42601740272415,56.088560885608864,0.8125043493147944
N02BA,34,1990,30,Seasonal Naive,2.7716666666666665,3.5558051127698214,75.17707440795853,89.15391559644223,86.9315211709357,1.1144311361825778
N02BA,35,2020,30,Seasonal Naive,2.205,2.8424314708831004,221.06249054398526,65.30575327420303,80.32786885245903,0.8862517188770689
N02BA,36,2050,30,Seasonal Naive,1.8883333333333334,2.18736904369915,78.05368037998241,84.4683463865555,70.32898820608318,0.7615950387592003
N02BA,1,1000,30,Moving Average,1.9635714285714283,2.604469927920493,42.65572153111749,42.46940911771953,38.92113832649016,0.7322103713393463
N02BA,2,1030,30,Moving Average,1.3778571428571431,1.7078086966102752,38.229151825113675,31.201030968527295,29.2228450234813,0.5126407785411955
N02BA,3,1060,30,Moving Average,1.8171428571428572,2.3407786947849605,126.02944290771676,51.925413933948775,50.42949649795163,0.6804999120044969
N02BA,4,1090,30,Moving Average,3.7641071428571418,4.3274326772701235,84.00935556817878,77.93472605375158,59.55473098330239,1.4102793263482178
N02BA,5,1120,30,Moving Average,2.6542857139571434,3.1199406963378697,94.75517871440384,56.07573489777506,61.465512480200424,0.9865134221720427
N02BA,6,1150,30,Moving Average,1.6990476190476191,2.0270970497190293,65.39124195411699,53.217142422215645,47.50366129676474,0.6325343628528723
N02BA,7,1180,30,Moving Average,1.6819047619047616,2.217560558346033,80.76057565710401,53.0250830087073,46.71957671957671,0.6282724990229104
N02BA,8,1210,30,Moving Average,1.9471428571428575,2.3083448144315284,150.7593730861963,63.949028089897695,63.42484876686832,0.7269365883334076
N02BA,9,1240,30,Moving Average,1.6409523809523812,2.083532779568734,52.36744354081885,63.51232641241001,53.97869674185465,0.6125427622278921
N02BA,10,1270,30,Moving Average,1.5423809523809526,1.8978442836992893,53.29989728760262,57.991057889301146,49.435286935286946,0.5783401402714013
N02BA,11,1300,30,Moving Average,1.120238095238095,1.3820330336581863,57.13240683400592,45.58721213381297,43.61731714100305,0.4204664616905062
N02BA,12,1330,30,Moving Average,1.4745238095238096,1.746599709211497,194.9435562812762,53.65782053992281,50.12545528126265,0.5598401748055779
N02BA,13,1360,30,Moving Average,1.4476190476190476,1.7710003322616144,52.03963232779144,63.39675895527297,51.948051948051955,0.5522308326813963
N02BA,14,1390,30,Moving Average,1.9380952380952379,2.352468670043751,70.82169245282321,59.38972400190138,55.26887561108092,0.7447777100896782
N02BA,15,1420,30,Moving Average,1.526904761904762,1.8431390518964785,46.340764530419584,48.35542867443083,41.06422488314017,0.5869983184827097
N02BA,16,1450,30,Moving Average,1.3895238095238096,1.6607749604891553,47.317929245942615,48.545366923836156,42.57989201809427,0.5365477926968982
N02BA,17,1480,30,Moving Average,1.7633333333333332,2.3988538930080754,64.4741086708833,48.46583303617324,44.15692821368949,0.6826780616746572
N02BA,18,1510,30,Moving Average,2.1849999999999996,2.854637294234182,53.59264599973337,62.58067205462681,52.67175572519083,0.8484818655540473
N02BA,19,1540,30,Moving Average,1.840238095238095,2.235645442420977,223.57182637560703,73.18616312425537,64.00828157349895,0.7131953856308985
N02BA,20,1570,30,Moving Average,1.971666666666667,2.5676781512556,66.47834452029811,79.07120532349049,65.03573391973613,0.7661275185788189
N02BA,21,1600,30,Moving Average,1.6549999999999998,1.9652443548194358,156.1353002009841,68.47902611525303,58.308866705813266,0.6440322678752503
N02BA,22,1630,30,Moving Average,1.4349999999999998,1.8418966673875419,53.54791838160094,54.336176236343334,47.80677401443642,0.5598560290884126
N02BA,23,1660,30,Moving Average,1.5714285714285716,2.1035433339541947,64.65424076688677,64.81458653219114,55.33199195171027,0.6153549590966456
N02BA,24,1690,30,Moving Average,1.460238095238095,1.919186601371621,66.84248937317186,60.58776819486892,54.99955160972109,0.5734230949470458
N02BA,25,1720,30,Moving Average,1.1483333333333334,1.4275561868685471,59.05492338577031,41.78408410535483,39.988392338943704,0.4525795674450184
N02BA,26,1750,30,Moving Average,1.8526190476190474,2.402879154533685,75.36310286257017,65.64224353706169,57.68403884646749,0.7352170065188132
N02BA,27,1780,30,Moving Average,1.8635714285714284,2.3741969641311975,197.7860960410345,67.11666411613282,66.67518527983643,0.7404493108289371
N02BA,28,1810,30,Moving Average,1.663333333333333,1.9263435103137474,60.86719988939219,73.42194659840422,60.48484848484848,0.6615019784467423
N02BA,29,1840,30,Moving Average,1.7430952380952383,2.093044441480784,55.38885433379851,52.289147285476126,46.0933073097022,0.6926946531888001
N02BA,30,1870,30,Moving Average,1.861190476190476,2.5069478285289435,242.9185429763338,61.3456555893217,56.59981174426182,0.7413314806397975
N02BA,31,1900,30,Moving Average,1.4716666666666665,1.7956433482219138,77.11311601641523,54.37042019391293,53.67781155015198,0.5861823435258113
N02BA,32,1930,30,Moving Average,1.5085714285714287,1.954890953341332,44.7158122245327,56.71534020904405,49.13913448115403,0.6030137681979045
N02BA,33,1960,30,Moving Average,1.811904761904762,2.262544771609485,116.65121609415499,53.09154805217789,50.14496573537164,0.7264048517722727
N02BA,34,1990,30,Moving Average,1.40547619047619,1.8394602321274118,52.63996053248343,51.224593649274,44.08184601598087,0.5651135638592694
N02BA,35,2020,30,Moving Average,1.7288095238095242,2.0283152923473384,222.58263719350575,61.3305602516635,62.98031052129415,0.694857329744779
N02BA,36,2050,30,Moving Average,0.9164285714285714,1.1725713067390635,34.618704356059524,36.992829896673015,34.131417930300614,0.3696103018767068
N02BE,1,1000,30,Naive,13.026944444333333,17.044981103057765,30.512930266274214,26.192889754382286,26.186713719865338,1.1215011805444242
N02BE,2,1030,30,Naive,10.50953333333333,15.142649724096065,25.13872524219129,27.043394205052657,27.698311320704978,0.8998931658320405
N02BE,3,1060,30,Naive,14.83703333333333,19.233083331419678,29.226383060904006,37.62100523820228,33.81698556868644,1.2568232528227685
N02BE,4,1090,30,Naive,17.383144444333333,25.975112104269915,35.593798628215865,29.770236335777323,31.540565195997246,1.457617462784929
N02BE,5,1120,30,Naive,23.498527778,26.188445847565315,111.1518385585059,65.68291278410967,84.2616138412854,1.921365004827596
N02BE,6,1150,30,Naive,11.686666666666666,12.765056469388089,72.43044506177603,49.70240568578809,57.13820078226859,0.9545480571376346
N02BE,7,1180,30,Naive,6.489999999999999,7.684497381091362,36.30869062688218,38.656236008664116,35.27173913043478,0.5351491635107666
N02BE,8,1210,30,Naive,9.541666666666668,10.581355458226197,133.45400844770305,52.50451402253501,58.5677749360614,0.7935030492254227
N02BE,9,1240,30,Naive,6.096999999999999,7.010076319128059,43.70865932536565,35.717120595832725,34.74800053192499,0.5128733955683633
N02BE,10,1270,30,Naive,16.296666666666667,16.743008491108558,119.12443755922646,70.13201971676034,103.77839099978772,1.3820257678632701
N02BE,11,1300,30,Naive,4.656666666666666,7.440263633321963,25.434429125264437,26.006469886609672,27.856430707876374,0.40030169095434315
N02BE,12,1330,30,Naive,18.73333333333333,19.998433271967414,96.078226610444,60.19266940736654,80.2284082798001,1.6259151979281066
N02BE,13,1360,30,Naive,15.928333333333336,19.895286292654013,35.10721576096402,46.81257880966253,40.272217774219385,1.3907006549545515
N02BE,14,1390,30,Naive,28.524999999999995,30.163422937944777,138.31562905643676,69.05473637689973,95.82330216673198,2.4751232677253707
N02BE,15,1420,30,Naive,10.2283,12.12305297219585,29.119261714863853,39.95384875312444,33.75494610301535,0.8863067452544291
N02BE,16,1450,30,Naive,16.214833333333335,20.49199845874807,35.96792943945583,55.71406442786162,45.53428094036815,1.4067109874854369
N02BE,17,1480,30,Naive,13.023733333333332,15.74988544296963,27.91376964093042,29.566134772281032,28.110556639557032,1.1153511070078608
N02BE,18,1510,30,Naive,9.424966666666668,13.724398241817381,25.329450220360805,27.95426994309408,28.689491846676322,0.8049489220028698
N02BE,19,1540,30,Naive,8.787933333333335,11.116507050328355,29.09055053169017,33.760444673866004,29.823775489657077,0.7464122136461552
N02BE,20,1570,30,Naive,9.446633333333333,13.313330553746999,35.8190366208044,42.32311770643587,40.88572586846407,0.8018543806260595
N02BE,21,1600,30,Naive,25.988966666666663,26.89135233800388,170.2442000231019,84.24498457399817,134.69158943085918,2.201628794214546
N02BE,22,1630,30,Naive,6.711666666666667,7.839749545319247,41.90682606856728,32.817153171939204,31.6999751249264,0.5731354524309836
N02BE,23,1660,30,Naive,7.494600000000001,9.272204060164624,35.64377224010496,38.19207615770926,36.3322872868182,0.6432321246019206
N02BE,24,1690,30,Naive,10.731666666666666,12.190477841331735,39.540381863500144,34.53591383424468,34.64622006994888,0.9253780981461104
N02BE,25,1720,30,Naive,12.377933333333333,14.14774474842781,43.07404437979386,32.85200684572935,32.92990275454879,1.0639974859890247
N02BE,26,1750,30,Naive,16.750833333333336,20.186229320174355,71.4825820533764,42.508514471442076,46.75629782977833,1.4359336916003318
N02BE,27,1780,30,Naive,14.83,19.06106852548758,33.46556798559871,54.19768535160051,44.53007706936242,1.2670629929156412
N02BE,28,1810,30,Naive,22.276666666666667,25.451905626101947,40.51480183029384,67.97044801368253,50.771100812884605,1.8903449913024957
N02BE,29,1840,30,Naive,22.548733333333338,29.578934019557455,35.97646066490499,47.38403938185515,42.99741556079026,1.8911274589177252
N02BE,30,1870,30,Naive,23.707933333333326,26.30029356236669,109.39687864399177,60.2189164414188,76.99364121927506,1.977341230546471
N02BE,31,1900,30,Naive,9.918333333333333,11.668950966846449,56.439905039026925,40.04899992098172,40.64057911630131,0.827285998845855
N02BE,32,1930,30,Naive,14.983333333333333,17.489149016842795,57.79883601864172,92.77742979910445,66.42529924634253,1.2537710223422835
N02BE,33,1960,30,Naive,7.3179333333333325,8.821724404370533,41.966573203845314,31.448724076565078,33.03996315816404,0.6117795828851341
N02BE,34,1990,30,Naive,5.495,8.132983257493322,22.76722089749623,27.36964478883027,27.75018937799848,0.46205977906064477
N02BE,35,2020,30,Naive,7.3125,8.668613162822913,57.22115449205276,38.36181842821346,38.67172006522409,0.6189937878886165
N02BE,36,2050,30,Naive,6.017666666666667,8.083422645554707,28.760995180719558,32.08021301251069,31.47424945081767,0.5115402674457216
N02BE,1,1000,30,Seasonal Naive,16.437744444333333,20.779125067703877,33.69664932562187,37.02946859837063,33.043090787978926,1.4151399722769609
N02BE,2,1030,30,Seasonal Naive,15.569533333333332,20.11694001289175,47.94985234333334,38.07231829647197,41.034151346849555,1.333162586527231
N02BE,3,1060,30,Seasonal Naive,20.192766666666664,24.195025616160578,40.66411206559575,55.12445078277294,46.02392429923228,1.71049953958616
N02BE,4,1090,30,Seasonal Naive,26.400488889,36.02229898374594,54.268522032626876,45.58063705190813,47.90193993245852,2.21374295967554
N02BE,5,1120,30,Seasonal Naive,16.754472221999997,19.783102452307602,79.34711318895805,53.39285993164498,60.07860925680782,1.369935040434551
N02BE,6,1150,30,Seasonal Naive,11.073333333333334,13.374054483713357,60.578147978960914,48.75269800797318,54.1395045632334,0.9044519811212842
N02BE,7,1180,30,Seasonal Naive,6.623333333333332,8.29207452933221,32.16626161887115,39.26273645651793,35.996376811594196,0.5461434966080602
N02BE,8,1210,30,Seasonal Naive,7.1483333333333325,8.84724533400086,83.2443295086731,44.09660130962176,43.87723785166241,0.594468921943727
N02BE,9,1240,30,Seasonal Naive,8.173666666666668,10.05805663800584,58.0150189685847,42.90141431827127,46.58333175022321,0.6875604686857931
N02BE,10,1270,30,Seasonal Naive,7.176666666666667,9.081941789433946,52.688611806588995,41.62343580743523,45.70154956484823,0.6086114702821888
N02BE,11,1300,30,Seasonal Naive,5.836666666666667,7.812369866649513,36.33698044347884,32.958713873820265,34.91525423728814,0.5017381967509341
N02BE,12,1330,30,Seasonal Naive,9.09,11.122259962195933,37.76288555975433,40.630616122929794,38.92933618843683,0.7889449723754355
N02BE,13,1360,30,Seasonal Naive,15.341666666666667,18.723343273393596,36.247674766489936,45.8424398832359,38.788925877544145,1.3394788666795694
N02BE,14,1390,30,Seasonal Naive,15.104999999999999,19.183971173873257,71.02454063889765,44.08974270202546,50.74183976261127,1.3106656252056696
N02BE,15,1420,30,Seasonal Naive,10.494966666666665,12.07194488749293,33.90192313809447,41.63955646352254,34.63498667288561,0.9094140519819576
N02BE,16,1450,30,Seasonal Naive,16.954833333333333,22.19737073394054,39.849344936376866,66.47515725533847,47.612339172801775,1.470909373576725
N02BE,17,1480,30,Seasonal Naive,17.883733333333335,21.12295524147446,36.214040583312595,43.92251617097979,38.60042937970174,1.5315609787337003
N02BE,18,1510,30,Seasonal Naive,20.96663333333333,25.372534355742495,71.35763000876129,50.464919451804654,63.82219453319925,1.7906767733604114
N02BE,19,1540,30,Seasonal Naive,12.85126666666667,16.22513366149362,46.17758147784343,43.19179051656659,43.613586640512416,1.09153563607944
N02BE,20,1570,30,Seasonal Naive,10.760033333333334,13.703026567149317,53.49123199029816,43.45013617623331,46.57021794736775,0.9133391293563938
N02BE,21,1600,30,Seasonal Naive,7.198033333333333,9.459579477968353,45.41390215382293,35.01256919465336,37.304851819540296,0.6097740495665255
N02BE,22,1630,30,Seasonal Naive,8.394466666666668,9.652629078822688,43.611219552188544,43.771030516369166,39.648033452250885,0.7168363224609106
N02BE,23,1660,30,Seasonal Naive,8.062066666666668,9.994326797405282,49.48689534315051,39.58830786071472,39.08324957420197,0.6919355630296913
N02BE,24,1690,30,Seasonal Naive,13.1,16.96655042527306,39.894564697887624,46.260546875799605,42.292171105730425,1.1295964981252413
N02BE,25,1720,30,Seasonal Naive,16.602066666666666,19.969985014182324,50.10519106105239,45.32132690696354,44.167667261998716,1.4271006895784044
N02BE,26,1750,30,Seasonal Naive,12.875833333333336,14.718566081653472,43.74572960006194,37.13236373215418,35.940080481961346,1.1037566026026928
N02BE,27,1780,30,Seasonal Naive,12.745,17.720254418790567,30.924326354663677,40.69856005873348,38.26944249824842,1.088922309151035
N02BE,28,1810,30,Seasonal Naive,18.863333333333333,22.421154445448757,35.38372391814932,58.969723914267504,42.99171921294538,1.600697636657313
N02BE,29,1840,30,Seasonal Naive,18.0546,21.295201753759773,40.692246252105285,34.180047272418726,34.427704984929406,1.5142114333004346
N02BE,30,1870,30,Seasonal Naive,13.306266666666668,16.90993489441439,64.6365041915629,38.881342290014636,43.21329519941284,1.1097985359884948
N02BE,31,1900,30,Seasonal Naive,13.868333333333334,16.891716411701132,79.17437311818509,49.34004660384985,56.825787065492065,1.1567546288684858
N02BE,32,1930,30,Seasonal Naive,12.67,15.375359074397796,58.26197882412005,66.842486699488,56.16964681542781,1.0601965864122402
N02BE,33,1960,30,Seasonal Naive,9.038733333333331,10.925502038808103,41.90953970796859,41.36761402388716,40.8092562102874,0.7556385466493214
N02BE,34,1990,30,Seasonal Naive,6.431666666666667,8.32885046089795,32.50609334005775,31.705748332999477,32.480430940156545,0.5408215612359806
N02BE,35,2020,30,Seasonal Naive,7.315833333333333,9.606899647302106,53.30798501618374,36.58099254477735,38.689348199726766,0.61927595029905
N02BE,36,2050,30,Seasonal Naive,8.884333333333334,12.030532892048742,46.700829974654816,46.544409479901674,46.46779873775236,0.7552253225630542
N02BE,1,1000,30,Moving Average,13.127579365190476,17.830158305645096,26.44020072129156,26.53845723463324,26.389009651499073,1.130164929977575
N02BE,2,1030,30,Moving Average,11.140796825523811,14.199304113682835,32.85774512012144,28.610371307257953,29.362032456317156,0.9539459657465449
N02BE,3,1060,30,Moving Average,18.03815714285714,22.581840261967287,34.03644926677109,47.41631621713835,41.11307739770742,1.5279857385156044
N02BE,4,1090,30,Moving Average,15.645585714619049,25.74815254193014,29.40265378834035,26.791402731820707,28.38787987074283,1.3119190849594164
N02BE,5,1120,30,Moving Average,15.548400793142857,18.673911404105468,76.32758727908853,51.189743357159735,55.75384789458698,1.2713202055554889
N02BE,6,1150,30,Moving Average,8.620000000000001,9.745769708488108,50.30485544676711,39.515165195580806,42.14471968709258,0.7040676770558824
N02BE,7,1180,30,Moving Average,6.490000000000003,7.735319868589,35.26550285657065,38.77164750602552,35.271739130434796,0.5351491635107669
N02BE,8,1210,30,Moving Average,6.458333333333335,7.792095353626007,93.74893706319939,39.8941735850223,39.64194373401536,0.5370872167246311
N02BE,9,1240,30,Moving Average,6.628428571428572,7.724982174208348,53.009923559681205,37.988865980252484,37.77671634013889,0.5575766227178822
N02BE,10,1270,30,Moving Average,4.00904761904762,5.024092296262136,33.312350738464275,25.372327511088105,25.529914789095436,0.33998407327355507
N02BE,11,1300,30,Moving Average,5.089047619047618,7.242343304399172,30.840434741963897,28.78010977691507,30.442956843754448,0.43747051551580585
N02BE,12,1330,30,Moving Average,5.620952380952381,7.922776947372879,21.397184964135665,23.459248369562637,24.072601203222185,0.4878572190224548
N02BE,13,1360,30,Moving Average,14.42738095238095,18.32781913053576,32.700901809193084,41.64496805145069,36.477302142465845,1.259652703134143
N02BE,14,1390,30,Moving Average,11.195476190476189,14.100008503398794,62.40003190728151,36.763938642634564,37.60867652587041,0.9714350083194747
N02BE,15,1420,30,Moving Average,7.312109523809524,9.662903348464617,21.002936875273733,27.77653114298974,24.131073871076882,0.6336118409698125
N02BE,16,1450,30,Moving Average,14.294833333333335,18.858976664531227,30.83561270092452,47.78008951705473,40.14256228324308,1.2401422019512836
N02BE,17,1480,30,Moving Average,15.506590476190475,18.97872454471632,30.74028788304823,36.24532528191317,33.469580396867876,1.32798272283958
N02BE,18,1510,30,Moving Average,16.88497619047619,18.850842977686376,65.70861984185474,45.342985495475496,51.397676392983584,1.4420786686320304
N02BE,19,1540,30,Moving Average,9.212457142857144,11.570721002176315,36.46709279696301,34.042254111859165,31.264489967682103,0.7824695828128343
N02BE,20,1570,30,Moving Average,9.065595238095238,10.66571557846356,51.7646511478378,39.33150049679758,39.2365648861727,0.7695108932617347
N02BE,21,1600,30,Moving Average,6.242300000000001,8.488012953571644,42.34789210248759,31.545634758866587,32.35162519111004,0.5288100753829689
N02BE,22,1630,30,Moving Average,7.034057142857143,8.236636131202053,34.59623673004531,34.782590497846485,33.222662496530766,0.6006656354105022
N02BE,23,1660,30,Moving Average,6.7345999999999995,8.0550146782403,42.18197680722346,33.97614604069463,32.64796279478635,0.5780043052790134
N02BE,24,1690,30,Moving Average,10.506428571428573,14.147928203414791,29.29133990301201,33.886566507294575,33.91905914908337,0.9059561009228013
N02BE,25,1720,30,Moving Average,10.882542857142857,12.573716505981402,31.369291255600363,29.646382082498846,28.951608346675307,0.9354548880939589
N02BE,26,1750,30,Moving Average,9.618690476190476,11.988834534115256,39.0297711058931,28.554103142385028,26.84847659144605,0.8245441554452301
N02BE,27,1780,30,Moving Average,11.716666666666667,14.96689123810731,29.057714577378103,39.90011897574632,35.18166349714743,1.0010623556076599
N02BE,28,1810,30,Moving Average,16.636666666666667,20.743759409079367,26.317233752856822,48.344735585545195,37.91688824736003,1.4117479951504945
N02BE,29,1840,30,Moving Average,16.44587619047619,20.106635748794325,36.623283690405536,30.88917009631723,31.36008406192266,1.3792902505877973
N02BE,30,1870,30,Moving Average,13.304123809523809,15.713510676904678,64.98239309363508,41.21417720407911,43.20633607852609,1.1096198127012231
N02BE,31,1900,30,Moving Average,13.44166666666667,15.324601680522292,80.8758449755251,49.727101460210136,55.07751143891282,1.1211664561740584
N02BE,32,1930,30,Moving Average,9.427142857142856,11.817778317168653,35.49605870169937,49.737107456380784,41.79315586142835,0.7888417266585153
N02BE,33,1960,30,Moving Average,5.349361904761906,6.254170502756622,27.076171018753296,24.424888303337873,24.151999232891747,0.4472069156314896
N02BE,34,1990,30,Moving Average,4.6883333333333335,6.692066198118486,22.42267583047989,22.787675804427046,23.676458210588333,0.39422934743633414
N02BE,35,2020,30,Moving Average,6.702976190476189,8.029487561058756,50.52764831476868,35.93549188265946,35.44828975616512,0.5673983756950516
N02BE,36,2050,30,Moving Average,5.58909523809524,7.510140575421012,28.369080481924087,29.49346865783154,29.23268892619289,0.47510894691323013
N05B,1,1000,30,Naive,11.461111111000001,13.217868096959874,394.8432488511648,99.80124418870008,132.3284156514731,2.0703808137571404
N05B,2,1030,30,Naive,6.338888889,7.3643913028366645,157.93116763646066,78.58743136813958,76.62860980555234,1.1237320933666517
N05B,3,1060,30,Naive,5.011111111000001,6.379074587140073,127.8223084104053,71.58922622644093,69.49152542325872,0.8831789778881203
N05B,4,1090,30,Naive,7.6111111109,8.973159565525691,51.05757517840336,75.32724887205798,58.19881053458433,1.3319956907819757
N05B,5,1120,30,Naive,11.038888889533332,12.276577367391004,377.79519229615244,95.47558993827292,140.12693937084254,1.9390719942292618
N05B,6,1150,30,Naive,5.504166666666666,5.988226295545841,187.41530049846483,80.42288293062286,100.1516300227445,0.9695521793921699
N05B,7,1180,30,Naive,2.7666666666666666,3.5260932110954375,81.7405582922824,63.73078773078774,57.24137931034483,0.49142669661912436
N05B,8,1210,30,Naive,2.0,2.780887148615228,34.57431457431457,47.054131054131055,41.66666666666667,0.3578315940832765
N05B,9,1240,30,Naive,2.5,3.5449494589721118,44.508547008547005,51.78771228771228,49.01960784313725,0.4519242516830384
N05B,10,1270,30,Naive,3.4,4.123105625617661,92.93891293891295,50.77364282317842,51.515151515151516,0.6192218029795443
N05B,11,1300,30,Naive,3.4,4.328202090167848,65.85840183208603,49.803462309963855,45.535714285714285,0.6233239596421538
N05B,12,1330,30,Naive,2.9,3.7903385952532878,50.368546486193544,36.794104920420715,36.40167364016737,0.5344461727799731
N05B,13,1360,30,Naive,5.566666666666666,6.862943974709396,65.10946907498632,106.3545994594588,74.88789237668162,1.030351809213448
N05B,14,1390,30,Naive,3.6,4.123105625617661,128.4848484848485,59.23304169743797,59.34065934065934,0.6700190647121294
N05B,15,1420,30,Naive,3.3333333333333335,4.6833036772489285,57.511071304174756,54.649114101126486,49.504950495049506,0.6228648255532585
N05B,16,1450,30,Naive,3.9,4.679743582719036,53.08770361291369,65.41996130231425,53.91705069124424,0.7308859499168288
N05B,17,1480,30,Naive,7.266666666666667,8.270429251254134,72.88290141231319,118.82131868819175,78.41726618705036,1.3668787911118057
N05B,18,1510,30,Naive,6.4,9.143303560529969,43.192754594311886,61.97913989090459,55.172413793103445,1.2063457559171165
N05B,19,1540,30,Naive,7.433333333333334,10.332795684937677,55.46142906880619,83.89641246732825,67.78115501519757,1.3910561331487672
N05B,20,1570,30,Naive,2.7333333333333334,3.4641016151377544,39.83018896812,34.91255868762935,32.53968253968254,0.5064348513314991
N05B,21,1600,30,Naive,3.2333333333333334,4.4234225060089685,50.11898395721926,42.40797707549626,38.95582329317269,0.6030676163561571
N05B,22,1630,30,Naive,3.2333333333333334,4.119061381755152,35.58873370638077,34.933411479164604,33.33333333333333,0.6052128784271386
N05B,23,1660,30,Naive,6.033333333333333,6.882344561751226,118.83909608909606,60.72797928521118,73.27935222672065,1.1316564858127613
N05B,24,1690,30,Naive,3.7,4.969909455915671,41.04640729640729,48.823595664691375,45.30612244897959,0.696478702585475
N05B,25,1720,30,Naive,3.1,3.8427420765212266,46.43023643023642,34.49796579733314,33.57400722021661,0.5854258153452688
N05B,26,1750,30,Naive,4.073333333333333,5.345527725741086,42.4251516324687,52.01815451714496,46.605644546147985,0.7722371879741731
N05B,27,1780,30,Naive,3.8,4.725815626252608,49.8060273060273,57.87725862029268,49.137931034482754,0.7232203238251255
N05B,28,1810,30,Naive,6.573333333333333,8.177693236277984,61.83840501450564,105.32241071766761,73.25408618127786,1.2498078984894625
N05B,29,1840,30,Naive,2.1933333333333334,2.9191322911669033,36.73416928599855,26.211996343589693,23.823316437364227,0.41584258777410954
N05B,30,1870,30,Naive,3.8400000000000003,4.939095733701329,63.90866241601536,43.39842808863492,40.111420612813376,0.730929116591813
N05B,31,1900,30,Naive,3.186666666666667,3.798947222586805,41.52253347225462,34.7321568656222,32.42876526458616,0.6056809320318354
N05B,32,1930,30,Naive,7.666666666666667,9.132360045464699,180.2289241668941,68.97932470700032,80.98591549295774,1.465939259762096
N05B,33,1960,30,Naive,2.953333333333333,3.7300580871259004,76.754551611109,45.37250455656029,40.67952249770431,0.5626503477656313
N05B,34,1990,30,Naive,4.92,5.816986619662566,62.81746074329195,96.44945645943507,71.7898832684825,0.9416033174346441
N05B,35,2020,30,Naive,5.333333333333333,6.491019437140312,55.536343773185884,82.54628704628703,64.0,1.0275027994138277
N05B,36,2050,30,Naive,4.913333333333332,6.000777727372789,59.22688454539243,80.78065136557264,63.15338474721508,0.9491393901232299
N05B,1,1000,30,Seasonal Naive,6.261111111000001,9.153070724915016,116.51286164577756,71.83801550836277,72.28992944159448,1.1310320780831364
N05B,2,1030,30,Seasonal Naive,7.1388888889999995,8.356689491736324,128.73184297906147,96.15213773160754,86.29952988601343,1.2655527957697732
N05B,3,1060,30,Seasonal Naive,6.544444444333334,8.820640775909062,140.97779187646933,105.44463419845252,90.7550077040178,1.153419995518415
N05B,4,1090,30,Seasonal Naive,8.9111111109,10.329345108462517,63.61097906427708,105.70872504174065,68.13933729770147,1.559504443812361
N05B,5,1120,30,Seasonal Naive,9.722222221533336,11.273699316552532,356.0569293832244,90.4796565076026,123.41325811136528,1.7077886207663115
N05B,6,1150,30,Seasonal Naive,4.5375,5.611790044183763,108.1860110815486,77.57893149145897,82.56254738438211,0.799275036607171
N05B,7,1180,30,Seasonal Naive,3.066666666666667,3.7682887362833544,104.04351395730707,67.42504880740175,63.44827586206897,0.5447139287826439
N05B,8,1210,30,Seasonal Naive,3.6666666666666665,4.47213595499958,76.04978354978356,70.65045412104236,76.38888888888889,0.6560245891526736
N05B,9,1240,30,Seasonal Naive,3.433333333333333,4.151305015694864,98.37749287749288,59.52679237973355,67.3202614379085,0.6206426389780394
N05B,10,1270,30,Seasonal Naive,4.166666666666667,5.275730597114805,74.76647426647428,79.49176749176749,63.13131313131313,0.7588502487494416
N05B,11,1300,30,Seasonal Naive,3.533333333333333,4.226897995772629,58.9231280415491,52.276820129761305,47.32142857142857,0.6477680364908658
N05B,12,1330,30,Seasonal Naive,3.7,4.8955762343841265,52.72140278022631,52.851943263707966,46.44351464435147,0.6818795997537589
N05B,13,1360,30,Seasonal Naive,3.8,5.215361924162119,60.00547345374932,58.567878791663965,51.12107623318386,0.703353929642713
N05B,14,1390,30,Seasonal Naive,5.066666666666666,5.972157622389639,179.38936988936987,69.2370379729564,83.51648351648352,0.9429897947800338
N05B,15,1420,30,Seasonal Naive,3.9,5.294651389216606,67.99062049062049,66.43957349839702,57.920792079207914,0.7287518458973125
N05B,16,1450,30,Seasonal Naive,4.9,5.84522597225006,75.77298809966877,88.71547521890773,67.74193548387096,0.9182926037416567
N05B,17,1480,30,Seasonal Naive,4.6,5.385164807134504,50.214750391220974,66.74241522817235,49.64028776978417,0.8652718952909595
N05B,18,1510,30,Seasonal Naive,6.1,7.735200923914862,57.67554531736958,64.76785188417142,52.58620689655172,1.1497982986085016
N05B,19,1540,30,Seasonal Naive,6.666666666666667,8.809086218218097,75.25454901341024,67.50675154452243,60.790273556231,1.247583975918177
N05B,20,1570,30,Seasonal Naive,4.166666666666667,4.949747468305833,47.7327748879473,64.78553512764039,49.60317460317461,0.7720043465419194
N05B,21,1600,30,Seasonal Naive,3.4,4.892170615721955,66.24460642842995,40.927520959719104,40.963855421686745,0.6341535759621445
N05B,22,1630,30,Seasonal Naive,5.166666666666667,6.498717822257967,60.2471450118509,69.26283924766898,53.264604810996566,0.9670927438784173
N05B,23,1660,30,Seasonal Naive,4.2,5.247221486971303,61.94405594405594,45.427267119908585,51.012145748987855,0.7877829680243533
N05B,24,1690,30,Seasonal Naive,3.533333333333333,4.43471156521669,53.155918155918144,42.35747269896908,43.26530612244898,0.6651057880545976
N05B,25,1720,30,Seasonal Naive,4.8,5.887840577551898,60.69432419432419,48.70619623969183,51.985559566786996,0.9064657785991259
N05B,26,1750,30,Seasonal Naive,4.373333333333333,5.5971421279077775,67.94060523938572,49.33280550136931,50.038138825324175,0.8291122672848732
N05B,27,1780,30,Seasonal Naive,5.5,6.600505031182589,111.17939600082455,71.29875507610942,71.12068965517241,1.0467662581679449
N05B,28,1810,30,Seasonal Naive,5.973333333333333,7.324479503691713,54.449156131546076,77.87384768260621,66.56760772659732,1.1357280700269354
N05B,29,1840,30,Seasonal Naive,6.22,8.394839684790492,95.22827425510353,53.082372096131635,67.55973931933381,1.179273964721107
N05B,30,1870,30,Seasonal Naive,4.006666666666666,5.061620293937506,68.49968870998282,44.4682689750459,41.85236768802228,0.7626534706105548
N05B,31,1900,30,Seasonal Naive,2.966666666666667,3.6439904866322945,34.38417611101682,32.15064339724021,30.189959294436907,0.5638661396530685
N05B,32,1930,30,Seasonal Naive,5.433333333333334,6.746357041643537,109.38851409782413,62.75673522559727,57.3943661971831,1.038904779744442
N05B,33,1960,30,Seasonal Naive,4.493333333333334,5.357860269423482,124.32025821779922,63.40544246561226,61.89164370982553,0.8560413868939855
N05B,34,1990,30,Seasonal Naive,3.94,4.846029302428948,111.44974999898274,68.08417436480902,57.49027237354086,0.7540481851001012
N05B,35,2020,30,Seasonal Naive,3.5599999999999996,4.422367390135439,51.55532966059282,43.188846848402555,42.71999999999999,0.6858581186087299
N05B,36,2050,30,Seasonal Naive,3.3466666666666667,4.689278551476051,78.41916742060214,43.78132069050347,43.01628106255356,0.646496572377017
N05B,1,1000,30,Moving Average,6.461111111,10.261082535708873,181.3203117803849,74.76420742472517,74.59910198812828,1.1671608756090595
N05B,2,1030,30,Moving Average,5.4722222223333326,7.271010424645002,104.04388083758592,73.3370481744702,66.15177971838614,0.9700929990966036
N05B,3,1060,30,Moving Average,4.230158730047618,6.215596163809358,82.09556567156831,67.23015553780208,58.66167730510813,0.7455406956167897
N05B,4,1090,30,Moving Average,8.60158730137619,9.899570334850903,59.06631291125264,90.70779999730595,65.77254521124502,1.5053356930908406
N05B,5,1120,30,Moving Average,9.431746031342858,10.777709983476496,334.49018275318826,89.46197991485373,119.7259721989137,1.6567640791638658
N05B,6,1150,30,Moving Average,3.6565476190476196,4.333014035201329,118.87712451751862,64.5732919038191,66.53308783710604,0.6440963596848817
N05B,7,1180,30,Moving Average,2.9476190476190482,3.440158990155981,108.64180154820548,65.6917346290714,60.985221674876854,0.5235682017336284
N05B,8,1210,30,Moving Average,2.466666666666667,2.9211869733608857,59.004329004329016,52.78473813767931,51.388888888888886,0.44132563270270775
N05B,9,1240,30,Moving Average,2.9476190476190474,3.280637900472042,97.01119251119249,55.120095984592396,57.79645191409897,0.5328402129367633
N05B,10,1270,30,Moving Average,3.2095238095238097,4.591029407486753,51.23792345220918,52.14290088677971,48.62914862914863,0.5845315058938556
N05B,11,1300,30,Moving Average,3.3904761904761904,4.281903067276398,67.26772885983414,49.627744680838354,45.408163265306115,0.6215779541529601
N05B,12,1330,30,Moving Average,2.8714285714285714,4.206166512953794,38.930950235572084,36.78640267016735,36.043036461446505,0.5291806932451951
N05B,13,1360,30,Moving Average,3.0142857142857147,4.280393522502691,47.82273829071859,44.57949250807636,40.55092889173608,0.5579236058444078
N05B,14,1390,30,Moving Average,4.914285714285713,5.682291384129263,183.3780663780664,69.42371976598287,81.00470957613813,0.9146291994483032
N05B,15,1420,30,Moving Average,3.323809523809524,4.6323323932291975,58.85867826754526,54.415173462976405,49.36350777934937,0.6210852117659635
N05B,16,1450,30,Moving Average,3.7857142857142856,4.49103415207478,54.576853718510385,62.979683207164115,52.33706385780118,0.7094680466225627
N05B,17,1480,30,Moving Average,3.6571428571428575,4.863161537112911,38.31408787291141,41.6323614987456,39.4655704008222,0.6879180285543034
N05B,18,1510,30,Moving Average,5.6952380952380945,8.206020686679024,42.162676033643784,52.727152941702236,49.09688013136289,1.0735041101762435
N05B,19,1540,30,Moving Average,5.5095238095238095,8.088246280322853,55.28082322122757,54.02827919984586,50.23881893182804,1.0310390429552363
N05B,20,1570,30,Moving Average,3.047619047619047,3.729638599332736,32.34239761333358,42.0789115117992,36.28117913832199,0.5646660363278038
N05B,21,1600,30,Moving Average,2.8238095238095235,3.780634507448659,61.754445717681016,35.65329989635554,34.02180149168101,0.5266849727528735
N05B,22,1630,30,Moving Average,3.6333333333333333,4.622409184253019,36.14014199308317,39.965910434021886,37.45704467353952,0.680084574727403
N05B,23,1660,30,Moving Average,3.576190476190477,4.092551721339235,66.9120423227566,43.64189641185325,43.435511856564496,0.6707766541794664
N05B,24,1690,30,Moving Average,3.280952380952381,3.83937707532493,54.6335582407011,40.99873575403608,40.17492711370262,0.6175982317649835
N05B,25,1720,30,Moving Average,3.0428571428571427,3.780634507448659,43.8689405832263,34.03478373885156,32.95513151108819,0.5746345560762316
N05B,26,1750,30,Moving Average,3.002857142857143,3.8230201403075657,45.819921464520775,35.21592843935844,34.35763321346846,0.5692924605290082
N05B,27,1780,30,Moving Average,4.342857142857143,5.083653943274069,87.27680482782525,58.728270035387276,56.157635467980306,0.8265375129430007
N05B,28,1810,30,Moving Average,4.363809523809524,5.834553419537967,39.80861323628619,57.78702412581676,48.630863935470174,0.8297044031988868
N05B,29,1840,30,Moving Average,4.153333333333335,4.919142118670031,72.38909183795947,41.18038590074409,45.11223750905144,0.787446602380761
N05B,30,1870,30,Moving Average,3.940952380952382,4.942031310037175,73.32322905852318,43.90966045707081,41.16593712693992,0.7501450110260225
N05B,31,1900,30,Moving Average,3.1485714285714286,3.7471658224156923,42.41742871476007,34.277126303300754,32.041093235123085,0.5984402753428714
N05B,32,1930,30,Moving Average,4.253333333333333,5.585696017507576,105.05105732637799,52.10728933150139,44.92957746478873,0.8132776067201888
N05B,33,1960,30,Moving Average,2.981904761904761,3.824286870519419,89.64304983333083,44.79402936894461,41.07306834579561,0.5680935952448214
N05B,34,1990,30,Moving Average,2.6628571428571424,3.219675903747156,79.35941195166623,43.435334568184395,38.854919399666485,0.5096250243026064
N05B,35,2020,30,Moving Average,3.0438095238095237,3.761133133641987,43.075983109065824,37.80432102132355,36.52571428571429,0.5864105262368916
N05B,36,2050,30,Moving Average,2.9857142857142858,3.713124360563056,71.22232485011743,40.09828865727798,38.37679030481087,0.576769138987464
N05C,1,1000,30,Naive,2.6333333333333333,2.7386127875258306,128.57142857142858,169.33333333333331,718.1818181818181,3.1743854324734446
N05C,2,1030,30,Naive,1.6333333333333333,1.798147194568157,37.66666666666667,145.52380952380952,196.0,1.9779816513761466
N05C,3,1060,30,Naive,2.5,2.689485700525908,71.42857142857143,162.66666666666666,500.0,2.995732574679943
N05C,4,1090,30,Naive,0.9583333333333334,1.335891642859915,100.0,200.0,100.0,1.1420907840440164
N05C,5,1120,30,Naive,1.6249999997666664,1.753501787173418,127.88461531861539,141.39107567502697,248.93617018125846,1.9295430295976592
N05C,6,1150,30,Naive,0.9,1.0488088481701516,17.857142857142858,159.55555555555554,245.45454545454547,1.0673007089760573
N05C,7,1180,30,Naive,0.23333333333333334,0.6055300708194983,100.0,200.0,100.0,0.2793332199357433
N05C,8,1210,30,Naive,0.6333333333333333,1.8708286933869707,100.0,200.0,100.0,0.7705039608977184
N05C,9,1240,30,Naive,0.4666666666666667,1.0645812948447542,100.0,200.0,100.0,0.5642098382095954
N05C,10,1270,30,Naive,1.0,1.0645812948447542,40.476190476190474,166.66666666666666,214.28571428571428,1.207649402391978
N05C,11,1300,30,Naive,0.26666666666666666,0.7745966692414834,100.0,200.0,100.0,0.32533417204003817
N05C,12,1330,30,Naive,0.43333333333333335,0.9128709291752769,100.0,200.0,100.0,0.5328892331532553
N05C,13,1360,30,Naive,0.9333333333333333,1.7126976771553504,100.0,200.0,100.0,1.155528442886876
N05C,14,1390,30,Naive,0.36666666666666664,0.983192080250175,100.0,200.0,100.0,0.44449963477042453
N05C,15,1420,30,Naive,0.3,0.752772652709081,100.0,200.0,100.0,0.3645406335105226
N05C,16,1450,30,Naive,0.36666666666666664,1.2780193008453875,100.0,200.0,100.0,0.4473157672260925
N05C,17,1480,30,Naive,0.13333333333333333,0.5773502691896257,100.0,200.0,100.0,0.16314550740707534
N05C,18,1510,30,Naive,1.2333333333333334,2.6012817353502227,100.0,200.0,100.0,1.5271454071141313
N05C,19,1540,30,Naive,0.9,2.105548226313834,100.0,200.0,100.0,1.0968861799402114
N05C,20,1570,30,Naive,0.4666666666666667,1.1547005383792515,100.0,200.0,100.0,0.5602867750613856
N05C,21,1600,30,Naive,0.9333333333333333,1.0327955589886444,26.190476190476186,162.22222222222223,233.33333333333334,1.123951115032001
N05C,22,1630,30,Naive,0.7,1.4259499757471625,100.0,200.0,100.0,0.8416594641322056
N05C,23,1660,30,Naive,0.7666666666666667,0.9486832980505138,20.238095238095237,119.99999999999997,109.52380952380953,0.9164517295416816
N05C,24,1690,30,Naive,0.7666666666666667,0.9128709291752769,11.666666666666666,138.88888888888889,176.9230769230769,0.9145658594220103
N05C,25,1720,30,Naive,0.9666666666666667,1.1972189997378648,27.40740740740741,152.22222222222223,170.58823529411765,1.1564893493201318
N05C,26,1750,30,Naive,0.8,1.3416407864998738,100.0,200.0,100.0,0.9545236737030961
N05C,27,1780,30,Naive,0.6,1.1254628677422756,100.0,200.0,100.0,0.7116512431715568
N05C,28,1810,30,Naive,0.9,1.6832508230603465,100.0,200.0,100.0,1.0655795118757276
N05C,29,1840,30,Naive,0.7,1.2780193008453875,100.0,200.0,100.0,0.8247027316557684
N05C,30,1870,30,Naive,0.6333333333333333,1.1690451944500122,100.0,200.0,100.0,0.7454354006534657
N05C,31,1900,30,Naive,0.43333333333333335,0.8366600265340756,100.0,200.0,100.0,0.5079781195173975
N05C,32,1930,30,Naive,1.3333333333333333,1.505545305418162,58.333333333333336,116.44444444444446,142.85714285714286,1.5654828533644576
N05C,33,1960,30,Naive,0.7333333333333333,1.3416407864998738,100.0,200.0,100.0,0.8546195922433453
N05C,34,1990,30,Naive,1.0333333333333334,1.2780193008453875,33.33333333333333,140.22222222222223,124.0,1.2005272922575536
N05C,35,2020,30,Naive,0.9,1.7224014243685084,100.0,200.0,100.0,1.0377279236284775
N05C,36,2050,30,Naive,0.6666666666666666,1.2110601416389966,100.0,200.0,100.0,0.7626691553902101
N05C,1,1000,30,Seasonal Naive,0.9666666666666667,1.559914527573012,85.71428571428571,157.7777777777778,263.6363636363636,1.1652807283763278
N05C,2,1030,30,Seasonal Naive,1.0333333333333334,1.66332999331662,86.66666666666666,181.25,124.0,1.2513761467889908
N05C,3,1060,30,Seasonal Naive,1.1666666666666667,1.888562063228706,76.1904761904762,155.23809523809524,233.33333333333334,1.3980085348506401
N05C,4,1090,30,Seasonal Naive,0.9472222222,1.2957819746635477,79.57894736801684,161.94850977398696,98.84057970782608,1.128849151738762
N05C,5,1120,30,Seasonal Naive,1.2555555555333333,1.5432049382631037,114.99999997369233,156.7304447878671,192.34042553178452,1.4908605974152787
N05C,6,1150,30,Seasonal Naive,0.36666666666666664,0.9128709291752769,42.857142857142854,127.27272727272727,100.0,0.4348262147680233
N05C,7,1180,30,Seasonal Naive,0.23333333333333334,0.6055300708194983,100.0,200.0,100.0,0.2793332199357433
N05C,8,1210,30,Seasonal Naive,0.7,1.888562063228706,83.33333333333334,177.77777777777777,110.5263157894737,0.8516096409922151
N05C,9,1240,30,Seasonal Naive,0.4666666666666667,1.0645812948447542,100.0,200.0,100.0,0.5642098382095954
N05C,10,1270,30,Seasonal Naive,0.5666666666666667,1.0165300454651272,71.42857142857143,164.1025641025641,121.42857142857142,0.6843346613554542
N05C,11,1300,30,Seasonal Naive,1.1,1.6020819787597222,125.0,193.75,412.5,1.3420034596651575
N05C,12,1330,30,Seasonal Naive,0.43333333333333335,0.9128709291752769,100.0,200.0,100.0,0.5328892331532553
N05C,13,1360,30,Seasonal Naive,1.2333333333333334,1.834847859269718,69.44444444444443,163.8095238095238,132.14285714285714,1.526948299529086
N05C,14,1390,30,Seasonal Naive,1.1,1.6832508230603465,100.0,200.0,300.0,1.3334989043112737
N05C,15,1420,30,Seasonal Naive,0.8,1.4375905768565218,100.0,200.0,266.66666666666663,0.9721083560280604
N05C,16,1450,30,Seasonal Naive,0.5333333333333333,1.3416407864998738,100.0,200.0,145.45454545454547,0.6506411159652256
N05C,17,1480,30,Seasonal Naive,0.4,0.9309493362512627,100.0,200.0,300.0,0.4894365222212261
N05C,18,1510,30,Seasonal Naive,1.2333333333333334,2.6012817353502227,100.0,200.0,100.0,1.5271454071141313
N05C,19,1540,30,Seasonal Naive,1.0333333333333334,2.105548226313834,94.44444444444444,188.88888888888886,114.81481481481481,1.2593878362276503
N05C,20,1570,30,Seasonal Naive,0.4666666666666667,1.1547005383792515,100.0,200.0,100.0,0.5602867750613856
N05C,21,1600,30,Seasonal Naive,1.0333333333333334,1.834847859269718,66.66666666666666,167.64705882352942,258.33333333333337,1.2443744487854298
N05C,22,1630,30,Seasonal Naive,0.7,1.4259499757471625,100.0,200.0,100.0,0.8416594641322056
N05C,23,1660,30,Seasonal Naive,0.7666666666666667,1.1105554165971787,97.61904761904762,194.11764705882354,109.52380952380953,0.9164517295416816
N05C,24,1690,30,Seasonal Naive,0.9666666666666667,1.378404875209022,75.0,160.63492063492063,223.0769230769231,1.1531482575321
N05C,25,1720,30,Seasonal Naive,0.7666666666666667,1.2516655570345725,81.11111111111111,158.33333333333331,135.29411764705884,0.9172156908401047
N05C,26,1750,30,Seasonal Naive,1.1333333333333333,1.591644851508443,97.43589743589745,176.66666666666666,141.66666666666669,1.352241871079386
N05C,27,1780,30,Seasonal Naive,0.9666666666666667,1.2780193008453875,90.9090909090909,173.66666666666669,161.11111111111111,1.1465492251097305
N05C,28,1810,30,Seasonal Naive,1.1,1.70293863659264,65.27777777777779,159.18367346938774,122.22222222222223,1.3023749589592228
N05C,29,1840,30,Seasonal Naive,1.2,1.6532795690182993,73.6111111111111,160.63492063492063,171.42857142857142,1.4137761114098886
N05C,30,1870,30,Seasonal Naive,1.0,1.570562531918633,118.18181818181819,185.71428571428572,157.89473684210526,1.1770032641896826
N05C,31,1900,30,Seasonal Naive,0.9333333333333333,1.3416407864998738,95.0,177.0,215.3846153846154,1.0941067189605485
N05C,32,1930,30,Seasonal Naive,1.2333333333333334,1.622754859285078,84.375,164.16666666666666,132.14285714285714,1.4480716393621234
N05C,33,1960,30,Seasonal Naive,0.8333333333333334,1.3038404810405297,68.75,143.1578947368421,113.63636363636364,0.9711586275492561
N05C,34,1990,30,Seasonal Naive,1.5666666666666667,2.2135943621178655,97.22222222222221,195.0,188.0,1.820154281809839
N05C,35,2020,30,Seasonal Naive,1.2666666666666666,2.0330600909302543,53.333333333333336,142.5,140.74074074074073,1.4605059665882276
N05C,36,2050,30,Seasonal Naive,1.4,2.0816659994661326,96.96969696969695,174.68671679197996,210.0,1.6016052263194411
N05C,1,1000,30,Moving Average,1.014285714285714,1.0807530758153565,29.25170068027211,161.7359804946012,276.6233766233766,1.2226837199219593
N05C,2,1030,30,Moving Average,0.9761904761904762,1.4269037885466236,78.07142857142857,176.91194780119176,117.14285714285715,1.182175622542595
N05C,3,1060,30,Moving Average,1.223809523809524,1.265179936652824,42.857142857142854,165.8985507246377,244.7619047619048,1.466482422271896
N05C,4,1090,30,Moving Average,0.8456349205904761,1.0709114713281143,61.91836733622175,134.8652478475503,88.2401656268323,1.0077827994492277
N05C,5,1120,30,Moving Average,1.1035714285190474,1.2081368594307018,71.41025637862856,137.91102453460624,169.05775075473167,1.310392958687888
N05C,6,1150,30,Moving Average,0.5190476190476192,0.8399060524074988,76.53061224489797,182.62962962962962,141.5584415584416,0.615533213113176
N05C,7,1180,30,Moving Average,0.23333333333333334,0.6055300708194983,100.0,200.0,100.0,0.2793332199357433
N05C,8,1210,30,Moving Average,0.7190476190476189,1.8274177908494065,92.1957671957672,194.35732323232324,113.53383458646616,0.8747826924477856
N05C,9,1240,30,Moving Average,0.4666666666666667,1.0645812948447542,100.0,200.0,100.0,0.5642098382095954
N05C,10,1270,30,Moving Average,0.619047619047619,0.938952955723142,82.99319727891155,186.75523349436395,132.6530612244898,0.7475924871950339
N05C,11,1300,30,Moving Average,0.8952380952380954,0.9367769320431428,50.0,182.8831908831909,335.7142857142858,1.0921932918486998
N05C,12,1330,30,Moving Average,0.43333333333333335,0.9128709291752769,100.0,200.0,100.0,0.5328892331532553
N05C,13,1360,30,Moving Average,1.0761904761904761,1.452654150729847,58.33333333333333,155.57661201558176,115.3061224489796,1.3323950412879282
N05C,14,1390,30,Moving Average,0.8428571428571431,0.9762485464725651,57.14285714285714,181.1965811965812,229.87012987012992,1.0217718877190283
N05C,15,1420,30,Moving Average,0.557142857142857,0.7022800573215536,65.47619047619047,179.98039215686273,185.71428571428567,0.677004033662399
N05C,16,1450,30,Moving Average,0.48095238095238085,1.2445800865499717,95.23809523809524,198.19497298567066,131.16883116883113,0.586738863504355
N05C,17,1480,30,Moving Average,0.3809523809523811,0.5820442510703817,80.95238095238095,195.87761674718195,285.71428571428584,0.4661300211630726
N05C,18,1510,30,Moving Average,1.2333333333333334,2.6012817353502227,100.0,200.0,100.0,1.5271454071141313
N05C,19,1540,30,Moving Average,1.014285714285714,2.0001700607970423,82.93650793650795,183.36734158173437,112.69841269841268,1.2361733139008728
N05C,20,1570,30,Moving Average,0.4666666666666667,1.1547005383792515,100.0,200.0,100.0,0.5602867750613856
N05C,21,1600,30,Moving Average,0.9333333333333333,1.0327955589886444,26.190476190476186,162.22222222222223,233.33333333333334,1.123951115032001
N05C,22,1630,30,Moving Average,0.7,1.4259499757471625,100.0,200.0,100.0,0.8416594641322056
N05C,23,1660,30,Moving Average,0.7095238095238094,1.058493345876726,88.60544217687077,181.12121212121215,101.36054421768708,0.8481447683336059
N05C,24,1690,30,Moving Average,0.7666666666666667,0.9128709291752769,11.666666666666666,138.88888888888889,176.9230769230769,0.9145658594220103
N05C,25,1720,30,Moving Average,0.7952380952380955,1.1160547617803156,58.51851851851851,166.33079513079514,140.33613445378154,0.9513976420515374
N05C,26,1750,30,Moving Average,0.8952380952380954,1.0804383086393734,51.46520146520146,145.8839406207827,111.90476190476193,1.0681574443820363
N05C,27,1780,30,Moving Average,0.7904761904761906,0.9590244476323128,44.805194805194795,149.9100314889789,131.74603174603175,0.9375722727498289
N05C,28,1810,30,Moving Average,1.042857142857143,1.434511460132578,55.35714285714285,153.5298283898508,115.87301587301589,1.234719116935367
N05C,29,1840,30,Moving Average,0.8714285714285716,1.0807530758153565,36.30952380952381,140.6442098206804,124.48979591836735,1.026670747571467
N05C,30,1870,30,Moving Average,0.7476190476190477,1.003734523266625,68.83116883116884,166.2941176470588,118.04511278195491,0.879950059418001
N05C,31,1900,30,Moving Average,0.6714285714285715,0.7688669992820826,36.9047619047619,149.48268106162845,154.94505494505498,0.7870869763950884
N05C,32,1930,30,Moving Average,0.8761904761904763,1.0652201075604142,39.28571428571429,122.91737891737891,93.87755102040816,1.0287458750680722
N05C,33,1960,30,Moving Average,0.8476190476190478,1.1350926720535464,59.52380952380953,155.72390572390574,115.58441558441561,0.9878070611643863
N05C,34,1990,30,Moving Average,0.9761904761904763,1.2726853071975264,52.38095238095237,151.42518300413036,117.14285714285715,1.1341386862340943
N05C,35,2020,30,Moving Average,1.185714285714286,1.4885047055697882,38.25396825396825,141.36733277711627,131.74603174603178,1.3671653597010103
N05C,36,2050,30,Moving Average,1.019047619047619,1.117577555177597,35.06493506493506,143.30895158481363,152.85714285714283,1.1657942803821784
R03,1,1000,30,Naive,5.8,7.554248252914824,73.62470570978975,131.1433634591529,87.0,1.1404752475247526
R03,2,1030,30,Naive,3.8333333333333335,4.78539444560216,88.44335011393835,90.85349508878922,71.42857142857143,0.7526871401151631
R03,3,1060,30,Naive,7.333333333333333,8.282511696339462,229.20632878826862,88.7979123960548,88.70967741935483,1.4350492473517933
R03,4,1090,30,Naive,4.8524305556,6.2597403847557915,59.05405972252248,90.80153040661902,71.27556484901073,0.9322657959401809
R03,5,1120,30,Naive,8.833333333366665,9.562513616543683,459.72349464070754,106.77926841537528,179.66101695104854,1.696006095264255
R03,6,1150,30,Naive,4.3,5.121848624601603,153.81642512077292,93.76749699102639,98.47328244274809,0.8293061204395997
R03,7,1180,30,Naive,6.9375,7.806013974280771,289.47412541162544,107.75365936666246,122.51655629139073,1.342737319742525
R03,8,1210,30,Naive,21.633333333333333,22.202852669570788,938.9233954451346,150.3840241333392,495.41984732824426,4.160225929240813
R03,9,1240,30,Naive,4.2,6.308724118235001,58.27059304332032,117.4757094757095,82.89473684210526,0.8080488653239507
R03,10,1270,30,Naive,4.4,7.66376756780458,100.0,200.0,100.0,0.8431790666867215
R03,11,1300,30,Naive,2.033333333333333,3.497618237219913,100.0,200.0,100.0,0.38830143047447524
R03,12,1330,30,Naive,6.433333333333334,7.073424441763221,327.25393028024604,129.11510058568882,238.2716049382716,1.2431115641489192
R03,13,1360,30,Naive,8.3,11.022703842524301,100.0,200.0,100.0,1.6144723955218192
R03,14,1390,30,Naive,6.6,8.225975119502044,202.83916862864234,89.17132958364358,85.34482758620689,1.2716761529366276
R03,15,1420,30,Naive,4.933333333333334,6.250333324444918,69.81171606171607,123.34209145973854,82.22222222222221,0.9424112436445772
R03,16,1450,30,Naive,5.433333333333334,8.631338250816034,106.94547322596102,82.48472688022126,71.80616740088107,1.0345081243928855
R03,17,1480,30,Naive,3.7583333333333333,5.313700844671882,71.38303142800892,59.55405522123788,52.872215709261425,0.7089496052778291
R03,18,1510,30,Naive,5.033333333333333,6.172519744804386,101.40526840106669,56.84567772933218,50.841750841750844,0.9437181149791404
R03,19,1540,30,Naive,5.7,6.715653356152326,146.05467197858502,81.45636106960386,84.23645320197043,1.0617026069913713
R03,20,1570,30,Naive,5.6,8.449852069711044,186.220704970705,100.0687951659224,96.55172413793103,1.0387513258380099
R03,21,1600,30,Naive,4.033333333333333,5.630275304103699,100.0,200.0,100.0,0.7448293850418977
R03,22,1630,30,Naive,4.0,5.059644256269407,91.51382243487505,110.44717990796423,101.69491525423729,0.7410729786223171
R03,23,1660,30,Naive,2.033333333333333,3.0276503540974917,100.0,200.0,100.0,0.3780649727110753
R03,24,1690,30,Naive,5.2,7.146094504459528,130.66748468922387,85.5118495808151,74.28571428571429,0.9752965404193045
R03,25,1720,30,Naive,6.0,8.694826047713663,100.50787917729447,93.17863507130792,75.0,1.1226319993258633
R03,26,1750,30,Naive,12.033333333333333,14.958832396502967,86.3678629859628,161.0443919280269,93.28165374677002,2.2203576808297423
R03,27,1780,30,Naive,6.866666666666666,9.305912099305473,71.39962669656157,80.9718035089552,65.60509554140127,1.2451941045232908
R03,28,1810,30,Naive,6.566666666666666,8.844960900610772,84.27254662664255,87.47936663371702,66.77966101694915,1.176058556087769
R03,29,1840,30,Naive,10.8,12.179217270963408,250.22971420299083,78.07464838833054,81.81818181818183,1.902718635175006
R03,30,1870,30,Naive,5.1,7.79529772790409,106.18417508417508,81.09122395396905,76.11940298507463,0.8831623731350147
R03,31,1900,30,Naive,5.033333333333333,7.318925239860472,73.8792925965239,76.25710890416774,64.8068669527897,0.8682216927848386
R03,32,1930,30,Naive,8.766666666666667,12.227019260637483,82.76039467041164,121.74397886369432,85.11326860841424,1.5040946324973248
R03,33,1960,30,Naive,4.176388889,5.226540398729,88.62929937379607,84.84893281477352,66.89655172472709,0.7071524171811496
R03,34,1990,30,Naive,3.3,4.722287581247038,100.0,200.0,100.0,0.557057046937986
R03,35,2020,30,Naive,5.066666666666666,8.238122763510304,138.95440580924452,97.56990085937454,91.56626506024097,0.8609629260963051
R03,36,2050,30,Naive,2.7,3.6285901761795403,62.3150762281197,103.96988196988197,78.64077669902912,0.4587853069653073
R03,1,1000,30,Seasonal Naive,4.433333333333334,5.862308987648695,71.57681079424776,89.32553107940105,66.5,0.8717425742574259
R03,2,1030,30,Seasonal Naive,4.5,6.096447052723961,119.19180492709907,89.29885027253448,83.85093167701864,0.8835892514395394
R03,3,1060,30,Seasonal Naive,7.5,9.03142661303665,178.8531113071247,128.4276108833908,90.7258064516129,1.4676640029734251
R03,4,1090,30,Seasonal Naive,4.0635416668,5.152969986659078,66.6532363232036,72.36922933148809,59.68786657944203,0.7807017252340607
R03,5,1120,30,Seasonal Naive,4.4888888888333325,5.320688134252206,207.67501340498706,94.74811595578629,91.2994350277376,0.8618697641203691
R03,6,1150,30,Seasonal Naive,4.366666666666666,5.167204273105526,150.88336783988962,120.70188016215,100.0,0.8421635796712214
R03,7,1180,30,Seasonal Naive,6.070833333333334,8.092724355864346,159.41548613423612,131.71346522223712,107.2111846946284,1.1749959608797953
R03,8,1210,30,Seasonal Naive,7.333333333333333,10.35826964314021,230.3610248447205,145.2127683939243,167.93893129770993,1.41024607770875
R03,9,1240,30,Seasonal Naive,4.4,6.2182527020592095,86.46970453788636,100.75207774554178,86.8421052631579,0.8465273827203293
R03,10,1270,30,Seasonal Naive,5.866666666666666,7.844318538492259,176.2305194805195,130.74271107148394,133.33333333333331,1.124238755582295
R03,11,1300,30,Seasonal Naive,4.933333333333334,8.193493353468552,251.79738562091498,134.4976235885327,242.62295081967213,0.9421083886921695
R03,12,1330,30,Seasonal Naive,3.933333333333333,5.391351098441528,139.21470342522974,156.59699777346836,145.679012345679,0.760037122122137
R03,13,1360,30,Seasonal Naive,6.466666666666667,9.647106647418523,89.08126852571297,127.31840130420251,77.91164658634538,1.2578620270330638
R03,14,1390,30,Seasonal Naive,6.333333333333333,8.748333174572933,153.16168507688974,95.6777178994965,81.89655172413794,1.2202952982725215
R03,15,1420,30,Seasonal Naive,8.233333333333333,11.420741365311331,191.6737891737892,140.5842542049439,137.22222222222223,1.5728079539203415
R03,16,1450,30,Seasonal Naive,8.2,10.44030650891055,113.29502814258912,138.47854030974236,108.37004405286343,1.5612822000039865
R03,17,1480,30,Seasonal Naive,8.291666666666666,12.426534110523336,181.5420103800913,85.70105663176768,116.64712778429075,1.5640905925752548
R03,18,1510,30,Seasonal Naive,6.3,7.543208866258444,80.53686801060749,83.98803019448258,63.63636363636363,1.1812100909341559
R03,19,1540,30,Seasonal Naive,7.3,9.307702903151418,160.4401328676691,97.99900988468764,107.88177339901478,1.359724391410002
R03,20,1570,30,Seasonal Naive,5.633333333333334,9.012953640917795,153.43222655722656,111.12435435811128,97.12643678160919,1.0449343694441886
R03,21,1600,30,Seasonal Naive,8.233333333333333,13.869631093387692,300.5467944753659,142.86308553206416,204.13223140495867,1.520436843845857
R03,22,1630,30,Seasonal Naive,4.466666666666667,6.260990336999411,108.5233918128655,151.34222919937207,113.55932203389831,0.8275314927949209
R03,23,1660,30,Seasonal Naive,3.5,5.1478150704935,140.1851851851852,166.57509157509162,172.1311475409836,0.6507675759780804
R03,24,1690,30,Seasonal Naive,5.4,7.602631123499285,111.34378302856564,115.06757430736619,77.14285714285715,1.012807945820047
R03,25,1720,30,Seasonal Naive,6.633333333333334,8.87130204648675,90.13443775947523,91.55666159356362,82.91666666666667,1.2411320436991489
R03,26,1750,30,Seasonal Naive,10.8,13.76226725507102,75.61546646630681,139.12996578424236,83.72093023255815,1.9927863949829268
R03,27,1780,30,Seasonal Naive,12.166666666666666,14.515508947329405,253.78882528946383,110.36700244917388,116.24203821656052,2.20629052500486
R03,28,1810,30,Seasonal Naive,11.733333333333333,14.200938936093861,137.47882621450108,111.51236953139147,119.3220338983051,2.1013838159537803
R03,29,1840,30,Seasonal Naive,9.233333333333333,12.28956196669895,176.3242136665079,83.26050723702653,69.94949494949495,1.6267069813070265
R03,30,1870,30,Seasonal Naive,6.133333333333334,8.667948623136464,137.5066859066859,96.30876223168312,91.54228855721394,1.062103768998972
R03,31,1900,30,Seasonal Naive,8.433333333333334,10.16366075781753,181.83192450786723,98.81962145649177,108.58369098712446,1.4547025713547297
R03,32,1930,30,Seasonal Naive,8.3,11.01060095241551,119.17395524679056,106.79174579836996,80.58252427184466,1.4240287585240832
R03,33,1960,30,Seasonal Naive,11.723611111,14.2960776314652,297.81639250051296,107.3587796013062,187.78642936084032,1.9850593791854696
R03,34,1990,30,Seasonal Naive,3.566666666666667,4.806245936279167,113.6128364389234,140.52322163433274,108.08080808080808,0.6020717578016617
R03,35,2020,30,Seasonal Naive,5.3,9.357706271660094,101.33160173160172,129.57555854107576,95.78313253012048,0.9006125345349507
R03,36,2050,30,Seasonal Naive,8.766666666666667,12.949903474543738,396.59043854696023,121.96661014169725,255.33980582524273,1.4896362436034052
R03,1,1000,30,Moving Average,4.295238095238094,5.533939807760685,76.75894283787443,77.31613602741872,64.42857142857142,0.8445884016973124
R03,2,1030,30,Moving Average,3.9,4.629614814791111,122.66502517090751,83.81512067149434,72.67080745341616,0.7657773512476007
R03,3,1060,30,Moving Average,5.866666666666666,7.554608450709898,122.9921683534918,86.36475389363409,70.96774193548387,1.1480393978814347
R03,4,1090,30,Moving Average,3.4290178572761905,4.522300364979037,54.11314077740038,53.596067822928575,50.367580092959074,0.6587948091946273
R03,5,1120,30,Moving Average,3.6246031745476186,4.696838204065589,227.88786411283021,77.06115389061137,73.7207425336717,0.6959263105951397
R03,6,1150,30,Moving Average,3.414285714285715,4.488155235168007,107.54017549048605,88.06794099627739,78.1897491821156,0.6584855906480545
R03,7,1180,30,Moving Average,4.832738095238096,6.606249135179087,120.37633414865559,103.76661393845316,85.34636812782507,0.9353654482187527
R03,8,1210,30,Moving Average,4.236904761904762,5.104467747610378,148.71783496007097,103.13354389857147,97.02835332606325,0.814783407559325
R03,9,1240,30,Moving Average,3.8857142857142857,5.524466299214473,64.94951477094337,92.09645998323265,76.69172932330827,0.74758262370107
R03,10,1270,30,Moving Average,4.8,6.303438215238834,139.50757575757575,117.47205263871932,109.09090909090908,0.9198317091127869
R03,11,1300,30,Moving Average,3.0904761904761906,3.380113913469073,133.18945760122233,127.98286300451156,151.99063231850118,0.5901817994799402
R03,12,1330,30,Moving Average,2.9476190476190474,3.2690051327312295,104.61687226724818,120.0418348421475,109.17107583774248,0.5695677706944344
R03,13,1360,30,Moving Average,6.376190476190475,9.068334680499557,69.03064601477298,101.72832570009199,76.82157200229489,1.2402630737829692
R03,14,1390,30,Moving Average,5.7904761904761894,8.255775138001985,135.54300212612665,85.28644924017574,74.87684729064038,1.115698558420591
R03,15,1420,30,Moving Average,3.8666666666666667,4.905778905196061,91.28545066045068,76.2637835848362,64.44444444444444,0.738646650424128
R03,16,1450,30,Moving Average,5.423809523809524,8.658407891228292,104.58230261801691,82.67733837773217,71.68030207677785,1.0326947885043791
R03,17,1480,30,Moving Average,5.482142857142858,6.421904611837318,179.52430401991336,69.87665643932513,77.12276000669905,1.0341187622123547
R03,18,1510,30,Moving Average,4.880952380952381,5.987912995428067,73.13040625840745,59.98878531094898,49.30254930254931,0.9151476517063567
R03,19,1540,30,Moving Average,5.547619047619049,6.626118183134883,139.88950308567283,80.36524229062233,81.9845179451091,1.033319579903883
R03,20,1570,30,Moving Average,4.971428571428572,8.668027104108006,113.50451912951911,95.83926172485877,85.71428571428574,0.922156789264356
R03,21,1600,30,Moving Average,4.099999999999999,4.756020173543891,130.2550284182937,98.9389805150105,101.65289256198345,0.7571406145467222
R03,22,1630,30,Moving Average,3.6,5.033222956847166,65.43460925039874,117.94068154068154,91.52542372881356,0.6669656807600854
R03,23,1660,30,Moving Average,2.014285714285714,2.24593358919511,63.69047619047619,118.74449982456564,99.06323185011708,0.37452338046085437
R03,24,1690,30,Moving Average,5.352380952380954,7.926018464997605,86.97482641582022,96.65230154507861,76.46258503401361,1.0038766588198704
R03,25,1720,30,Moving Average,6.1142857142857165,8.28497533650708,128.0960697758727,90.7062912720558,76.42857142857146,1.1440154659796897
R03,26,1750,30,Moving Average,10.709523809523807,13.63471459829177,77.79440361496029,125.7650756074543,83.01956441491323,1.976091976330071
R03,27,1780,30,Moving Average,7.6,8.895691841185448,150.94601663886465,74.7375479871877,72.61146496815286,1.378175999181118
R03,28,1810,30,Moving Average,7.966666666666667,9.357706271660094,155.87771433590618,82.8706143561216,81.01694915254237,1.426791852309527
R03,29,1840,30,Moving Average,8.0,10.933130079411537,132.47865218262137,67.08747817022277,60.60606060606061,1.4094212112407452
R03,30,1870,30,Moving Average,5.1,7.79529772790409,106.18417508417508,81.09122395396905,76.11940298507463,0.8831623731350147
R03,31,1900,30,Moving Average,6.93809523809524,7.770999638022746,183.37386097659626,84.33587275497628,89.33169834457391,1.1967824090704922
R03,32,1930,30,Moving Average,7.995238095238094,10.767960790782844,109.52267530889893,101.19679048859196,77.62367082755432,1.371740840827272
R03,33,1960,30,Moving Average,10.185515872904762,11.380521561961356,338.2180163432414,104.21315099322162,163.1495312204874,1.7246267915165814
R03,34,1990,30,Moving Average,2.5190476190476194,3.5268648273224317,57.333763544943665,95.09603317351622,76.33477633477635,0.42522825083722166
R03,35,2020,30,Moving Average,4.542857142857143,8.892555932936727,60.98045963253337,94.85313999266184,82.09982788296041,0.7719536010299578
R03,36,2050,30,Moving Average,5.795238095238096,6.36631227421253,264.11228523029774,111.2845535552697,168.79334257975037,0.9847296623929083
R06,1,1000,30,Naive,1.5033333333333334,1.7319545798509461,103.09854033556698,73.02442479677246,78.98423817863399,0.7494947922811791
R06,2,1030,30,Naive,2.106666666666667,2.5139610179953067,100.0,200.0,100.0,1.0545935881344033
R06,3,1060,30,Naive,1.27,1.4734313692873515,101.05263157894737,104.75084175084174,115.80547112462007,0.6375565837367791
R06,4,1090,30,Naive,0.8416666666666667,1.0581474027826845,40.12432900934745,59.7527173388863,48.479999999379444,0.426094598353165
R06,5,1120,30,Naive,1.2266666668666668,1.3729311036544591,76.93745522302851,77.40124311104796,79.02648533971406,0.6280624223764442
R06,6,1150,30,Naive,1.96,2.5207141845120002,56.925409496164214,102.13311194133112,72.77227722772277,1.0143492864585275
R06,7,1180,30,Naive,4.64,4.978955713801842,238.36421889814545,88.26031078580097,127.00729927007299,2.3947324615183905
R06,8,1210,30,Naive,2.289666666666667,2.738881158429478,59.88099959114348,44.80206993447968,41.10466160014362,1.1735685278129162
R06,9,1240,30,Naive,2.341333333333333,2.9968283234112696,60.14446908633513,48.25499978420306,45.52171095268957,1.175769135996453
R06,10,1270,30,Naive,2.42,2.863331393092086,64.38003220611917,110.76190476190474,75.15527950310559,1.201916642688803
R06,11,1300,30,Naive,1.3099999999999998,1.6057189459346033,181.024531024531,66.2563929644968,68.82661996497373,0.6480612008693736
R06,12,1330,30,Naive,1.3466666666666667,1.8531055015837603,60.56400389733723,57.377453068287544,53.1578947368421,0.6684855916992297
R06,13,1360,30,Naive,1.7833333333333334,1.9937402037376886,104.31818181818183,97.46320346320346,125.88235294117646,0.8899931331381529
R06,14,1390,30,Naive,0.8433333333333334,0.9991663191547908,90.93932335780163,58.246483060436546,58.700696055684446,0.42214156320669527
R06,15,1420,30,Naive,1.0166666666666666,1.2144957801491119,42.0,82.44444444444447,60.396039603960396,0.5164866706250257
R06,16,1450,30,Naive,1.4200000000000002,2.0620378270051205,100.0,200.0,100.0,0.7278847969831826
R06,17,1480,30,Naive,1.6186666666666667,2.0659590186319443,100.0,200.0,100.0,0.8339357592418246
R06,18,1510,30,Naive,1.7033333333333334,2.0945166506857853,66.72640692640692,85.77964519140991,73.10443490701,0.8823193893409302
R06,19,1540,30,Naive,4.953333333333333,5.94076313840795,100.0,200.0,100.0,2.561404948778884
R06,20,1570,30,Naive,2.4766666666666666,3.1257532425534382,52.54963763834731,34.19842610633139,33.095768374164805,1.257984478152797
R06,21,1600,30,Naive,5.318666666666667,5.899518624430302,190.98228536966616,80.94813427670218,112.01909575961808,2.671602636294074
R06,22,1630,30,Naive,1.5966666666666667,2.3196982562393758,39.0084915084915,39.88220458808694,39.294503691550446,0.7994050351949141
R06,23,1660,30,Naive,1.8,2.3393731354075746,64.09683842507525,56.73801572792887,52.63157894736843,0.8956522306260681
R06,24,1690,30,Naive,2.896666666666667,3.3634803403617513,100.0,200.0,100.0,1.4366183071387568
R06,25,1720,30,Naive,2.8699999999999997,3.4737587711296247,100.0,200.0,100.0,1.4228528677860217
R06,26,1750,30,Naive,2.2866666666666666,2.566060534489915,163.99148677409545,92.11420578254993,123.82671480144403,1.132145574260754
R06,27,1780,30,Naive,1.7200000000000002,2.336664289109585,76.5695542380325,142.11808763830857,88.05460750853244,0.8518922885168545
R06,28,1810,30,Naive,0.9766666666666667,1.2421755109484327,36.124401913875595,106.01033591731266,78.55227882037535,0.48451094595246913
R06,29,1840,30,Naive,1.2633333333333334,1.704797153133866,45.59037116729424,82.1176011320939,64.34634974533108,0.6309355089047066
R06,30,1870,30,Naive,1.45,2.0647033685253677,55.56666708913781,44.86171890213336,41.46806482364156,0.7262184852106204
R06,31,1900,30,Naive,2.146666666666667,2.660325794584816,51.199398161598985,32.935045345404575,31.32295719844358,1.0749095455601962
R06,32,1930,30,Naive,2.566666666666667,3.1704889212864313,54.41420522628779,60.04454802528388,53.84615384615385,1.273548818252369
R06,33,1960,30,Naive,2.33,3.0870158189854915,40.4739513360203,55.15693456869927,48.37370242214533,1.1401169809437968
R06,34,1990,30,Naive,2.515333333333333,2.938228491228459,102.85868758913156,54.40415157492178,58.16247880376137,1.2289271446156156
R06,35,2020,30,Naive,2.18,2.7433556094680833,60.265873791377025,98.61850415790482,72.18543046357617,1.0569809410521496
R06,36,2050,30,Naive,2.5366666666666666,3.1822947695020334,64.05678781439431,102.42430126036686,73.10278578290107,1.2290295537424822
R06,1,1000,30,Seasonal Naive,1.27,1.7223046575252978,51.30841687877685,63.97680574915341,66.72504378283713,0.633165223634433
R06,2,1030,30,Seasonal Naive,1.5599999999999998,1.942506971244462,70.68027210884354,100.66432969658776,74.0506329113924,0.7809332266564882
R06,3,1060,30,Seasonal Naive,1.5166666666666666,1.7505237311540034,85.17543859649123,111.52669552669549,138.29787234042556,0.7613864713916917
R06,4,1090,30,Seasonal Naive,1.1694444444666667,1.4921864395853515,58.775064940134634,104.50605272463238,67.36000000041778,0.5920324287461757
R06,5,1120,30,Seasonal Naive,1.3877777778333333,1.603197037435176,93.23605410499168,82.14813071905837,89.40586972568943,0.7105525049381181
R06,6,1150,30,Seasonal Naive,1.7566666666666664,2.4431536996267753,53.03804685880158,88.81515819249583,65.22277227722772,0.9091191734075577
R06,7,1180,30,Seasonal Naive,2.1366666666666663,2.7988688191243734,97.43400160585922,57.936194569987684,58.48540145985402,1.1027467728687415
R06,8,1210,30,Seasonal Naive,3.3303333333333334,4.076453115148021,68.77055269000216,76.19260281545805,59.78696666866136,1.7069621722781838
R06,9,1240,30,Seasonal Naive,3.0846666666666662,4.007317473489383,110.1834367098078,52.79613448901682,59.97407647440052,1.5490557495032995
R06,10,1270,30,Seasonal Naive,2.8576666666666664,3.993979218774179,126.81822329575954,78.0385310327867,88.74741200828157,1.4192880685635134
R06,11,1300,30,Seasonal Naive,1.9766666666666666,2.4949949899749297,262.07311207311204,76.08453536148264,103.85288966725044,0.9778633387163831
R06,12,1330,30,Seasonal Naive,1.6833333333333333,2.30701827763313,53.27162549384772,84.95591941933404,66.44736842105263,0.8356069896240371
R06,13,1360,30,Seasonal Naive,2.356666666666667,3.223093751868433,190.0,122.48399110468075,166.35294117647058,1.1761217665956525
R06,14,1390,30,Seasonal Naive,1.03,1.478174549909448,84.07467532467533,86.46227846227846,71.6937354988399,0.5155800119797187
R06,15,1420,30,Seasonal Naive,1.0033333333333334,1.3267755399212533,43.333333333333336,81.99233716475096,59.603960396039604,0.5097130749446976
R06,16,1450,30,Seasonal Naive,1.1866666666666668,1.6468151080191122,70.83333333333333,120.22792022792021,83.56807511737088,0.6082793139108287
R06,17,1480,30,Seasonal Naive,1.4746666666666668,1.8129681004731808,77.15548340548341,120.84329597941212,91.10378912685337,0.7597470755530956
R06,18,1510,30,Seasonal Naive,1.8966666666666667,2.563916275284095,84.13939393939393,125.62203228869893,81.40200286123032,0.9824652300097638
R06,19,1540,30,Seasonal Naive,3.8866666666666663,4.813799608071224,74.55483708634969,129.91605386637426,78.46567967698519,2.0098238023392856
R06,20,1570,30,Seasonal Naive,3.9766666666666666,4.641515557085494,59.65399385560676,60.887552617311734,53.14031180400891,2.01988624823188
R06,21,1600,30,Seasonal Naive,2.6813333333333333,3.437681389153645,87.804498670236,58.00181842944841,56.472900870541984,1.3468520685854555
R06,22,1630,30,Seasonal Naive,2.27,3.0300165016052305,66.84426684426684,54.92551327333934,55.86546349466776,1.1365236512896377
R06,23,1660,30,Seasonal Naive,2.6533333333333338,3.301413838544531,113.20609698260967,73.95893346429645,77.58284600389865,1.3202577325525007
R06,24,1690,30,Seasonal Naive,2.23,2.663268668384773,70.69758120145715,100.7002371829958,76.98504027617952,1.1059811823657402
R06,25,1720,30,Seasonal Naive,2.65,3.0712104019967983,250.7407407407408,121.91052957719626,92.33449477351917,1.3137840068407518
R06,26,1750,30,Seasonal Naive,3.0866666666666664,3.452245645952791,237.21147258538565,127.29553326489335,167.1480144404332,1.5282314894540205
R06,27,1780,30,Seasonal Naive,1.3433333333333335,2.0037464909513876,63.574796881862106,105.86936882719415,68.7713310580205,0.6653344811478534
R06,28,1810,30,Seasonal Naive,1.6333333333333333,2.182506204649447,100.33492822966508,126.59665319772655,131.36729222520108,0.8102742782140269
R06,29,1840,30,Seasonal Naive,1.5166666666666666,1.9831792657246092,69.8444504213735,120.6340579710145,77.24957555178268,0.7574555581837505
R06,30,1870,30,Seasonal Naive,2.2366666666666664,2.945901107188314,65.06643582328086,80.50630919828453,63.96568160152526,1.120212881784658
R06,31,1900,30,Seasonal Naive,3.146666666666667,3.830230628391281,57.558216762353055,54.878827140477306,45.91439688715953,1.5756438059143247
R06,32,1930,30,Seasonal Naive,3.4066666666666663,4.020613551851674,81.34719487937461,69.2419123203933,71.46853146853147,1.6903466133167804
R06,33,1960,30,Seasonal Naive,2.2633333333333336,3.0500819661117307,44.74971388764492,54.09436763141602,46.98961937716263,1.1074956080984808
R06,34,1990,30,Seasonal Naive,3.7053333333333334,4.447342277510618,125.80419670964066,68.93925785467333,85.67905040850931,1.8103305247213337
R06,35,2020,30,Seasonal Naive,2.0266666666666664,2.4329680091060246,67.95594982178919,70.4534926987757,67.10816777041943,0.9826367158405304
R06,36,2050,30,Seasonal Naive,1.8033333333333335,2.556103805925469,51.1486203676873,67.15962409427758,51.96926032660903,0.8737253463530658
R06,1,1000,30,Moving Average,1.09,1.3413137026734618,54.279159276821744,63.72790298145259,57.267950963222425,0.5434252706783715
R06,2,1030,30,Moving Average,1.1428571428571428,1.530283865001194,43.10581375407306,61.289930120992565,54.249547920434,0.5721122539607972
R06,3,1060,30,Moving Average,1.27,1.4734313692873515,101.05263157894737,104.75084175084174,115.80547112462007,0.6375565837367791
R06,4,1090,30,Moving Average,1.0166666667333333,1.1499305740537695,44.66596166327858,79.18241301212667,58.560000003090416,0.5146885247771771
R06,5,1120,30,Moving Average,1.321904762028571,1.4767920882561254,86.36115302370544,79.67346256553614,85.16208202167118,0.6768250327624371
R06,6,1150,30,Moving Average,1.673333333333333,2.1710463322717803,47.68501747578567,80.04304256197105,62.12871287128712,0.8659920778948651
R06,7,1180,30,Moving Average,1.9761904761904767,2.601119591493575,106.59368625442043,57.079822010020074,54.09280500521378,1.0199240266113838
R06,8,1210,30,Moving Average,2.8303333333333334,3.520749079618236,51.215304033147525,57.702285842766756,50.81084315720184,1.4506871989604704
R06,9,1240,30,Moving Average,2.872666666666666,3.2775220439074575,103.54265236633142,54.71750672308262,55.852235904082946,1.4425937377587459
R06,10,1270,30,Moving Average,2.003619047619048,2.3976326192456487,78.82450732305804,61.26743451012181,62.22419402543626,0.9951169747692656
R06,11,1300,30,Moving Average,1.767142857142857,2.0391658291839745,230.32020889163744,76.45260688769332,92.84463347510632,0.8742112382501801
R06,12,1330,30,Moving Average,1.3857142857142857,1.9429761868291218,44.020867433565854,65.09663589777855,54.699248120300744,0.6878688372859825
R06,13,1360,30,Moving Average,1.8061904761904757,2.016505025286772,106.004329004329,97.88839498638087,127.49579831932769,0.9014002547377872
R06,14,1390,30,Moving Average,0.6957142857142856,0.8252602145800484,59.17434661611679,53.207266272925104,48.4255883327809,0.348248912391294
R06,15,1420,30,Moving Average,0.9519047619047619,1.0963917319699072,39.57142857142857,74.73802243985541,56.54879773691655,0.4835863487491459
R06,16,1450,30,Moving Average,0.8866666666666667,1.553061492665374,28.6231884057971,77.83475783475784,62.441314553990615,0.45450083567494504
R06,17,1480,30,Moving Average,1.0413333333333334,1.425080114707006,36.46735209235209,82.1555853041797,64.332784184514,0.5364940922305313
R06,18,1510,30,Moving Average,1.6633333333333333,2.459064862910289,41.648917748917754,88.34025234025233,71.38769670958511,0.8615995602370337
R06,19,1540,30,Moving Average,3.4819047619047607,4.510382580270565,58.48966534665815,91.33696604401048,70.29417419726974,1.8005184565921164
R06,20,1570,30,Moving Average,2.481428571428572,2.984015237691576,37.89617113273026,35.7368856936296,33.159401845370674,1.2604032139308263
R06,21,1600,30,Moving Average,2.2965714285714283,2.8277591907403155,80.67443117343547,52.2620985227955,48.369238175472375,1.1535835327793447
R06,22,1630,30,Moving Average,1.596666666666667,2.0909702203965113,48.29622758194187,40.10909583025739,39.29450369155045,0.7994050351949142
R06,23,1660,30,Moving Average,2.08,2.4299519885517626,97.66660827786397,61.7792306269209,60.81871345029241,1.0349759109456789
R06,24,1690,30,Moving Average,1.391904761904762,1.8153746263550137,38.429339005197264,57.71921092446062,48.05194805194805,0.6903230826510909
R06,25,1720,30,Moving Average,1.6899999999999997,2.068574388316746,129.13227513227514,73.1654057770946,58.88501742160278,0.8378471590795736
R06,26,1750,30,Moving Average,2.0580952380952384,2.3314851767171287,146.84923771880295,88.41946973022512,111.44920061887574,1.0189781699198208
R06,27,1780,30,Moving Average,1.4380952380952379,2.024176997450273,56.61979852876592,100.68013370238889,73.62262311067772,0.7122687462128737
R06,28,1810,30,Moving Average,1.0852380952380956,1.2543936389190373,41.44907723855093,100.64549733680388,87.28456530065112,0.5383717434547428
R06,29,1840,30,Moving Average,1.4538095238095239,1.8810747398417607,58.93817720740798,103.51915884358,74.04802328401648,0.7260633655054916
R06,30,1870,30,Moving Average,1.7023809523809528,2.363971350126242,51.11576933609927,54.77060201848031,48.68582323301104,0.8526210458548337
R06,31,1900,30,Moving Average,2.3485714285714283,3.1593592737148724,40.999604468655335,36.69236788503515,34.26903835464146,1.1760101771745533
R06,32,1930,30,Moving Average,2.973333333333333,3.420520308911127,72.63915788451743,64.78554765074054,62.377622377622366,1.4753318777676792
R06,33,1960,30,Moving Average,2.101428571428572,2.7892663556428396,39.6446875510915,48.50321750625181,43.62827483934751,1.0282722740455703
R06,34,1990,30,Moving Average,3.0162857142857145,3.4066410132559137,123.67834141176787,60.984079988684435,69.7460855777489,1.4736795879414322
R06,35,2020,30,Moving Average,1.4200000000000002,1.8563404860100423,61.154764231273894,53.11537904003657,47.01986754966888,0.6884921726119507
R06,36,2050,30,Moving Average,1.5080952380952382,2.170314563864522,37.89720851768084,45.854348143930565,43.460957870179776,0.7306807953261576
